timestamp,value
1540796400,2.275
1540800000,2.275
1540803600,2.2625
1540807200,2.25
1540810800,2.225
1540814400,2.2125
1540818000,2.1875
1540821600,2.1625
1540825200,2.1375
1540828800,2.1125
1540832400,2.0875
1540836000,2.0625
1540839600,2.025
1540843200,2
1540846800,1.9625
1540850400,1.925
1540854000,1.9
1540857600,1.8625
1540861200,1.825
1540864800,1.775
1540868400,1.75
1540872000,1.7
1540875600,1.6625
1540879200,1.625
1540882800,1.5875
1540886400,1.55
1540890000,1.5125
1540893600,1.4625
1540897200,1.425
1540900800,1.3875
1540904400,1.35
1540908000,1.325
1540911600,1.2875
1540915200,1.25
1540918800,1.225
1540922400,1.1875
1540926000,1.1625
1540929600,1.1375
1540933200,1.1125
1540936800,1.0875
1540940400,1.0625
1540944000,1.05
1540947600,1.0375
1540951200,1.025
1540954800,1.0125
1540958400,1
1540962000,1
1540965600,1
1540969200,1.015
1540972800,1.025
1540976400,1.025
1540980000,1.025
1540983600,1.0375
1540987200,1.05
1540990800,1.0625
1540994400,1.0875
1540998000,1.1125
1541001600,1.125
1541005200,1.15
1541008800,1.175
1541012400,1.2125
1541016000,1.25
1541019600,1.275
1541023200,1.3125
1541026800,1.35
1541030400,1.3875
1541034000,1.4125
1541037600,1.45
1541041200,1.4875
1541044800,1.525
1541048400,1.5625
1541052000,1.6
1541055600,1.6375
1541059200,1.6625
1541062800,1.7
1541066400,1.7375
1541070000,1.775
1541073600,1.8125
1541077200,1.8375
1541080800,1.875
1541084400,1.9125
1541088000,1.9375
1541091600,1.95
1541095200,1.9875
1541098800,2.0125
1541102400,2.0375
1541106000,2.0625
1541109600,2.0875
1541113200,2.1
1541116800,2.125
1541120400,2.125
1541124000,2.15
1541127600,2.1625
1541131200,2.175
1541134800,2.175
1541138400,2.175
1541142000,2.2
1541145600,2.2
1541149200,2.2
1541152800,2.2
1541156400,2.2
1541160000,2.175
1541163600,2.1875
1541167200,2.175
1541170800,2.1625
1541174400,2.15
1541178000,2.1375
1541181600,2.125
1541185200,2.1
1541188800,2.0875
1541192400,2.075
1541196000,2.0625
1541199600,2.0375
1541203200,2.0125
1541206800,1.975
1541210400,1.95
1541214000,1.925
1541217600,1.9
1541221200,1.8625
1541224800,1.825
1541228400,1.7875
1541232000,1.7625
1541235600,1.7375
1541239200,1.7
1541242800,1.6625
1541246400,1.6125
1541250000,1.5875
1541253600,1.5625
1541257200,1.525
1541260800,1.4875
1541264400,1.4375
1541268000,1.4125
1541271600,1.3875
1541275200,1.35
1541278800,1.3125
1541282400,1.275
1541286000,1.25
1541289600,1.225
1541293200,1.1875
1541296800,1.1625
1541300400,1.1375
1541304000,1.1125
1541307600,1.1
1541311200,1.075
1541314800,1.05
1541318400,1.0375
1541322000,1.025
1541325600,1.0125
1541329200,1.0125
1541332800,1.0125
1541336400,1
1541340000,1
1541343600,1
1541347200,1.0125
1541350800,1.0125
1541354400,1.025
1541358000,1.0375
1541361600,1.05
1541365200,1.0625
1541368800,1.0875
1541372400,1.1125
1541376000,1.125
1541379600,1.15
1541383200,1.175
1541386800,1.2
1541390400,1.2375
1541394000,1.2625
1541397600,1.2875
1541401200,1.325
1541404800,1.35
1541408400,1.3875
1541412000,1.4125
1541415600,1.45
1541419200,1.4875
1541422800,1.5125
1541426400,1.55
1541430000,1.575
1541433600,1.625
1541437200,1.65
1541440800,1.6875
1541444400,1.7125
1541448000,1.75
1541451600,1.775
1541455200,1.8
1541458800,1.8375
1541462400,1.8625
1541466000,1.8875
1541469600,1.9125
1541473200,1.9375
1541476800,1.95
1541480400,1.975
1541484000,1.9875
1541487600,2.0125
1541491200,2.025
1541494800,2.0375
1541498400,2.05
1541502000,2.0625
1541505600,2.0625
1541509200,2.075
1541512800,2.075
1541516400,2.075
1541520000,2.075
1541523600,2.075
1541527200,2.0875
1541530800,2.075
1541534400,2.075
1541538000,2.0625
1541541600,2.0625
1541545200,2.05
1541548800,2.0375
1541552400,2.025
1541556000,2
1541559600,1.9875
1541563200,1.9625
1541566800,1.95
1541570400,1.925
1541574000,1.9
1541577600,1.8875
1541581200,1.85
1541584800,1.825
1541588400,1.8
1541592000,1.775
1541595600,1.75
1541599200,1.7125
1541602800,1.6875
1541606400,1.65
1541610000,1.625
1541613600,1.5875
1541617200,1.55
1541620800,1.525
1541624400,1.4875
1541628000,1.45
1541631600,1.425
1541635200,1.3875
1541638800,1.3625
1541642400,1.325
1541646000,1.3
1541649600,1.2625
1541653200,1.2375
1541656800,1.2125
1541660400,1.1875
1541664000,1.1625
1541667600,1.1375
1541671200,1.1125
1541674800,1.0875
1541678400,1.075
1541682000,1.0625
1541685600,1.0375
1541689200,1.0375
1541692800,1.025
1541696400,1.0125
1541700000,1
1541703600,1.0125
1541707200,1
1541710800,1.0125
1541714400,1.0125
1541718000,1.0125
1541721600,1.0125
1541725200,1.025
1541728800,1.0375
1541732400,1.05
1541736000,1.0625
1541739600,1.0875
1541743200,1.1
1541746800,1.125
1541750400,1.15
1541754000,1.1625
1541757600,1.1875
1541761200,1.225
1541764800,1.25
1541768400,1.275
1541772000,1.3
1541775600,1.325
1541779200,1.3625
1541782800,1.3875
1541786400,1.425
1541790000,1.4625
1541793600,1.4875
1541797200,1.5125
1541800800,1.55
1541804400,1.575
1541808000,1.6125
1541811600,1.6375
1541815200,1.6625
1541818800,1.6875
1541822400,1.725
1541826000,1.7375
1541829600,1.775
1541833200,1.8
1541836800,1.8125
1541840400,1.8375
1541844000,1.8625
1541847600,1.875
1541851200,1.8875
1541854800,1.9125
1541858400,1.925
1541862000,1.9375
1541865600,1.95
1541869200,1.95
1541872800,1.9625
1541876400,1.975
1541880000,1.975
1541883600,1.975
1541887200,1.9875
1541890800,1.9875
1541894400,1.975
1541898000,1.975
1541901600,1.975
1541905200,1.975
1541908800,1.9625
1541912400,1.95
1541916000,1.9375
1541919600,1.925
1541923200,1.9125
1541926800,1.9
1541930400,1.8875
1541934000,1.8625
1541937600,1.85
1541941200,1.825
1541944800,1.8
1541948400,1.7875
1541952000,1.7625
1541955600,1.7375
1541959200,1.7
1541962800,1.675
1541966400,1.65
1541970000,1.625
1541973600,1.5875
1541977200,1.5625
1541980800,1.5375
1541984400,1.5
1541988000,1.475
1541991600,1.4375
1541995200,1.4125
1541998800,1.3875
1542002400,1.35
1542006000,1.325
1542009600,1.2875
1542013200,1.2625
1542016800,1.2375
1542020400,1.2125
1542024000,1.1875
1542027600,1.1625
1542031200,1.1375
1542034800,1.1125
1542038400,1.1
1542042000,1.075
1542045600,1.0625
1542049200,1.05
1542052800,1.0375
1542056400,1.025
1542060000,1.0125
1542063600,1.0125
1542067200,1.0125
1542070800,1.0125
1542074400,1
1542078000,1.0125
1542081600,1
1542085200,1.0125
1542088800,1.025
1542092400,1.025
1542096000,1.0375
1542099600,1.05
1542103200,1.0625
1542106800,1.0875
1542110400,1.1
1542114000,1.1125
1542117600,1.1375
1542121200,1.1625
1542124800,1.1875
1542128400,1.2125
1542132000,1.2375
1542135600,1.2625
1542139200,1.2875
1542142800,1.3125
1542146400,1.3375
1542150000,1.3625
1542153600,1.4
1542157200,1.425
1542160800,1.45
1542164400,1.475
1542168000,1.5125
1542171600,1.5375
1542175200,1.5625
1542178800,1.5875
1542182400,1.6125
1542186000,1.6375
1542189600,1.6625
1542193200,1.6875
1542196800,1.7125
1542200400,1.725
1542204000,1.75
1542207600,1.775
1542211200,1.7875
1542214800,1.8
1542218400,1.825
1542222000,1.8375
1542225600,1.85
1542229200,1.8625
1542232800,1.8625
1542236400,1.875
1542240000,1.875
1542243600,1.8875
1542247200,1.8875
1542250800,1.8875
1542254400,1.9
1542258000,1.8875
1542261600,1.8875
1542265200,1.8875
1542268800,1.8875
1542272400,1.875
1542276000,1.875
1542279600,1.8625
1542283200,1.85
1542286800,1.8375
1542290400,1.825
1542294000,1.8
1542297600,1.7875
1542301200,1.775
1542304800,1.75
1542308400,1.7375
1542312000,1.7125
1542315600,1.6875
1542319200,1.675
1542322800,1.65
1542326400,1.625
1542330000,1.5875
1542333600,1.575
1542337200,1.55
1542340800,1.5125
1542344400,1.4875
1542348000,1.4625
1542351600,1.4375
1542355200,1.4
1542358800,1.375
1542362400,1.35
1542366000,1.325
1542369600,1.3
1542373200,1.275
1542376800,1.25
1542380400,1.225
1542384000,1.2
1542387600,1.175
1542391200,1.15
1542394800,1.1375
1542398400,1.1125
1542402000,1.1
1542405600,1.075
1542409200,1.0625
1542412800,1.05
1542416400,1.0375
1542420000,1.025
1542423600,1.025
1542427200,1.0125
1542430800,1
1542434400,1.0125
1542438000,1
1542441600,1
1542445200,1.0125
1542448800,1.0125
1542452400,1.025
1542456000,1.025
1542459600,1.0375
1542463200,1.05
1542466800,1.0625
1542470400,1.075
1542474000,1.0875
1542477600,1.1
1542481200,1.125
1542484800,1.15
1542488400,1.1625
1542492000,1.1875
1542495600,1.2125
1542499200,1.2375
1542502800,1.2625
1542506400,1.2875
1542510000,1.3125
1542513600,1.3375
1542517200,1.3625
1542520800,1.3875
1542524400,1.4125
1542528000,1.4375
1542531600,1.4625
1542535200,1.4875
1542538800,1.5125
1542542400,1.5375
1542546000,1.5625
1542549600,1.5875
1542553200,1.6
1542556800,1.625
1542560400,1.65
1542564000,1.6625
1542567600,1.6875
1542571200,1.7
1542574800,1.725
1542578400,1.7375
1542582000,1.75
1542585600,1.7625
1542589200,1.775
1542592800,1.7875
1542596400,1.7875
1542600000,1.8
1542603600,1.8
1542607200,1.8125
1542610800,1.8125
1542614400,1.8125
1542618000,1.8125
1542621600,1.8125
1542625200,1.8125
1542628800,1.8125
1542632400,1.8
1542636000,1.8
1542639600,1.7875
1542643200,1.775
1542646800,1.775
1542650400,1.7625
1542654000,1.7375
1542657600,1.725
1542661200,1.7125
1542664800,1.7
1542668400,1.675
1542672000,1.6625
1542675600,1.6375
1542679200,1.625
1542682800,1.6
1542686400,1.575
1542690000,1.55
1542693600,1.5375
1542697200,1.5125
1542700800,1.4875
1542704400,1.4625
1542708000,1.4375
1542711600,1.4125
1542715200,1.3875
1542718800,1.3625
1542722400,1.3375
1542726000,1.3125
1542729600,1.2875
1542733200,1.2625
1542736800,1.2375
1542740400,1.2125
1542744000,1.1875
1542747600,1.175
1542751200,1.15
1542754800,1.125
1542758400,1.1125
1542762000,1.1
1542765600,1.075
1542769200,1.0625
1542772800,1.05
1542776400,1.0375
1542780000,1.0375
1542783600,1.025
1542787200,1.0125
1542790800,1.0125
1542794400,1.0125
1542798000,1
1542801600,1
1542805200,1.0125
1542808800,1
1542812400,1.0125
1542816000,1.0125
1542819600,1.025
1542823200,1.0375
1542826800,1.05
1542830400,1.0625
1542834000,1.075
1542837600,1.0875
1542841200,1.1
1542844800,1.125
1542848400,1.1375
1542852000,1.1625
1542855600,1.175
1542859200,1.2125
1542862800,1.225
1542866400,1.25
1542870000,1.2625
1542873600,1.2875
1542877200,1.3125
1542880800,1.3375
1542884400,1.3625
1542888000,1.3875
1542891600,1.4
1542895200,1.425
1542898800,1.45
1542902400,1.475
1542906000,1.5
1542909600,1.525
1542913200,1.5375
1542916800,1.5625
1542920400,1.575
1542924000,1.6
1542927600,1.6125
1542931200,1.6375
1542934800,1.65
1542938400,1.6625
1542942000,1.675
1542945600,1.6875
1542949200,1.7
1542952800,1.7
1542956400,1.7125
1542960000,1.725
1542963600,1.725
1542967200,1.7375
1542970800,1.7375
1542974400,1.7375
1542978000,1.7375
1542981600,1.7375
1542985200,1.7375
1542988800,1.7375
1542992400,1.725
1542996000,1.725
1542999600,1.7125
1543003200,1.7125
1543006800,1.7
1543010400,1.6875
1543014000,1.675
1543017600,1.6625
1543021200,1.65
1543024800,1.6375
1543028400,1.625
1543032000,1.6
1543035600,1.5875
1543039200,1.5625
1543042800,1.5375
1543046400,1.525
1543050000,1.5
1543053600,1.4875
1543057200,1.4625
1543060800,1.4375
1543064400,1.4125
1543068000,1.3875
1543071600,1.375
1543075200,1.35
1543078800,1.325
1543082400,1.3
1543086000,1.275
1543089600,1.2625
1543093200,1.2375
1543096800,1.2125
1543100400,1.2
1543104000,1.175
1543107600,1.15
1543111200,1.1375
1543114800,1.1125
1543118400,1.1
1543122000,1.0875
1543125600,1.075
1543129200,1.0625
1543132800,1.05
1543136400,1.0375
1543140000,1.025
1543143600,1.025
1543147200,1.0125
1543150800,1.0125
1543154400,1.0125
1543158000,1
1543161600,1
1543165200,1.0125
1543168800,1.0125
1543172400,1.0125
1543176000,1.025
1543179600,1.025
1543183200,1.0375
1543186800,1.05
1543190400,1.0625
1543194000,1.075
1543197600,1.0875
1543201200,1.1
1543204800,1.1125
1543208400,1.125
1543212000,1.15
1543215600,1.1625
1543219200,1.1875
1543222800,1.2125
1543226400,1.225
1543230000,1.25
1543233600,1.275
1543237200,1.2875
1543240800,1.3125
1543244400,1.3375
1543248000,1.35
1543251600,1.375
1543255200,1.3875
1543258800,1.4125
1543262400,1.4375
1543266000,1.4625
1543269600,1.475
1543273200,1.5
1543276800,1.5125
1543280400,1.525
1543284000,1.5375
1543287600,1.5625
1543291200,1.575
1543294800,1.5875
1543298400,1.6
1543302000,1.6125
1543305600,1.625
1543309200,1.6375
1543312800,1.6375
1543316400,1.65
1543320000,1.65
1543323600,1.6625
1543327200,1.6625
1543330800,1.6625
1543334400,1.6625
1543338000,1.675
1543341600,1.6625
1543345200,1.6625
1543348800,1.6625
1543352400,1.6625
1543356000,1.65
1543359600,1.65
1543363200,1.6375
1543366800,1.625
1543370400,1.625
1543374000,1.6125
1543377600,1.6
1543381200,1.5875
1543384800,1.5625
1543388400,1.55
1543392000,1.5375
1543395600,1.525
1543399200,1.5
1543402800,1.4875
1543406400,1.4625
1543410000,1.45
1543413600,1.425
1543417200,1.4125
1543420800,1.3875
1543424400,1.3625
1543428000,1.35
1543431600,1.325
1543435200,1.3125
1543438800,1.2875
1543442400,1.2625
1543446000,1.25
1543449600,1.225
1543453200,1.2
1543456800,1.1875
1543460400,1.1625
1543464000,1.15
1543467600,1.1375
1543471200,1.1125
1543474800,1.1
1543478400,1.0875
1543482000,1.075
1543485600,1.0625
1543489200,1.05
1543492800,1.0375
1543496400,1.025
1543500000,1.025
1543503600,1.0125
1543507200,1.0125
1543510800,1.0125
1543514400,1
1543518000,1
1543521600,1.0125
1543525200,1.0125
1543528800,1.0125
1543532400,1.0125
1543536000,1.025
1543539600,1.025
1543543200,1.0375
1543546800,1.05
1543550400,1.0625
1543554000,1.075
1543557600,1.0875
1543561200,1.1
1543564800,1.1125
1543568400,1.125
1543572000,1.15
1543575600,1.1625
1543579200,1.175
1543582800,1.2
1543586400,1.2125
1543590000,1.2375
1543593600,1.25
1543597200,1.275
1543600800,1.2875
1543604400,1.3125
1543608000,1.325
1543611600,1.35
1543615200,1.375
1543618800,1.3875
1543622400,1.4
1543626000,1.425
1543629600,1.4375
1543633200,1.4625
1543636800,1.475
1543640400,1.4875
1543644000,1.5
1543647600,1.5125
1543651200,1.525
1543654800,1.5375
1543658400,1.55
1543662000,1.5625
1543665600,1.575
1543669200,1.575
1543672800,1.5875
1543676400,1.6
1543680000,1.6
1543683600,1.6
1543687200,1.6
1543690800,1.6125
1543694400,1.6125
1543698000,1.6125
1543701600,1.6
1543705200,1.6
1543708800,1.6
1543712400,1.6
1543716000,1.5875
1543719600,1.575
1543723200,1.575
1543726800,1.5625
1543730400,1.55
1543734000,1.5375
1543737600,1.525
1543741200,1.525
1543744800,1.5
1543748400,1.5
1543752000,1.475
1543755600,1.4625
1543759200,1.45
1543762800,1.425
1543766400,1.4
1543770000,1.3875
1543773600,1.375
1543777200,1.35
1543780800,1.3375
1543784400,1.3125
1543788000,1.3
1543791600,1.275
1543795200,1.2625
1543798800,1.2375
1543802400,1.225
1543806000,1.2
1543809600,1.1875
1543813200,1.175
1543816800,1.15
1543820400,1.1375
1543824000,1.125
1543827600,1.1125
1543831200,1.0875
1543834800,1.075
1543838400,1.0625
1543842000,1.05
1543845600,1.05
1543849200,1.0375
1543852800,1.025
1543856400,1.025
1543860000,1.0125
1543863600,1.0125
1543867200,1.0125
1543870800,1.0125
1543874400,1
1543878000,1.0125
1543881600,1.0125
1543885200,1.0125
1543888800,1.0125
1543892400,1.025
1543896000,1.025
1543899600,1.0375
1543903200,1.05
1543906800,1.05
1543910400,1.0625
1543914000,1.075
1543917600,1.0875
1543921200,1.1
1543924800,1.1125
1543928400,1.1375
1543932000,1.15
1543935600,1.1625
1543939200,1.175
1543942800,1.2
1543946400,1.2125
1543950000,1.2375
1543953600,1.25
1543957200,1.2625
1543960800,1.2875
1543964400,1.3
1543968000,1.325
1543971600,1.3375
1543975200,1.35
1543978800,1.375
1543982400,1.3875
1543986000,1.4
1543989600,1.4125
1543993200,1.4375
1543996800,1.45
1544000400,1.4625
1544004000,1.475
1544007600,1.4875
1544011200,1.5
1544014800,1.5
1544018400,1.5125
1544022000,1.525
1544025600,1.525
1544029200,1.5375
1544032800,1.5375
1544036400,1.55
1544040000,1.55
1544043600,1.55
1544047200,1.55
1544050800,1.55
1544054400,1.55
1544058000,1.55
1544061600,1.55
1544065200,1.55
1544068800,1.5375
1544072400,1.5375
1544076000,1.525
1544079600,1.5125
1544083200,1.5125
1544086800,1.5
1544090400,1.4875
1544094000,1.4875
1544097600,1.4625
1544101200,1.4625
1544104800,1.4375
1544108400,1.425
1544112000,1.4125
1544115600,1.4
1544119200,1.3875
1544122800,1.3625
1544126400,1.35
1544130000,1.3375
1544133600,1.3125
1544137200,1.3
1544140800,1.2875
1544144400,1.2625
1544148000,1.25
1544151600,1.225
1544155200,1.2125
1544158800,1.2
1544162400,1.175
1544166000,1.1625
1544169600,1.15
1544173200,1.1375
1544176800,1.1125
1544180400,1.1125
1544184000,1.0875
1544187600,1.075
1544191200,1.0625
1544194800,1.05
1544198400,1.05
1544202000,1.0375
1544205600,1.025
1544209200,1.025
1544212800,1.025
1544216400,1.0125
1544220000,1.0125
1544223600,1.0125
1544227200,1.0125
1544230800,1
1544234400,1.0125
1544238000,1.0125
1544241600,1.0125
1544245200,1.0125
1544248800,1.025
1544252400,1.025
1544256000,1.0375
1544259600,1.05
1544263200,1.05
1544266800,1.0625
1544270400,1.075
1544274000,1.0875
1544277600,1.1
1544281200,1.1125
1544284800,1.125
1544288400,1.1375
1544292000,1.15
1544295600,1.175
1544299200,1.1875
1544302800,1.2
1544306400,1.2125
1544310000,1.2375
1544313600,1.25
1544317200,1.2625
1544320800,1.275
1544324400,1.3
1544328000,1.3125
1544331600,1.325
1544335200,1.3375
1544338800,1.3625
1544342400,1.375
1544346000,1.3875
1544349600,1.4
1544353200,1.4125
1544356800,1.425
1544360400,1.4375
1544364000,1.45
1544367600,1.45
1544371200,1.4625
1544374800,1.475
1544378400,1.475
1544382000,1.4875
1544385600,1.4875
1544389200,1.5
1544392800,1.5
1544396400,1.5
1544400000,1.5
1544403600,1.5
1544407200,1.5
1544410800,1.5
1544414400,1.5
1544418000,1.5
1544421600,1.5
1544425200,1.4875
1544428800,1.4875
1544432400,1.475
1544436000,1.4625
1544439600,1.4625
1544443200,1.45
1544446800,1.4375
1544450400,1.425
1544454000,1.4125
1544457600,1.4
1544461200,1.4
1544464800,1.375
1544468400,1.3625
1544472000,1.35
1544475600,1.3375
1544479200,1.325
1544482800,1.3125
1544486400,1.2875
1544490000,1.275
1544493600,1.2625
1544497200,1.25
1544500800,1.2375
1544504400,1.2125
1544508000,1.2
1544511600,1.1875
1544515200,1.175
1544518800,1.15
1544522400,1.1375
1544526000,1.125
1544529600,1.1125
1544533200,1.1
1544536800,1.0875
1544540400,1.075
1544544000,1.0625
1544547600,1.05
1544551200,1.05
1544554800,1.0375
1544558400,1.025
1544562000,1.025
1544565600,1.025
1544569200,1.0125
1544572800,1.0125
1544576400,1.0125
1544580000,1.0125
1544583600,1
1544587200,1.0125
1544590800,1.0125
1544594400,1.0125
1544598000,1.0125
1544601600,1.025
1544605200,1.025
1544608800,1.0375
1544612400,1.0375
1544616000,1.05
1544619600,1.05
1544623200,1.0625
1544626800,1.075
1544630400,1.0875
1544634000,1.1
1544637600,1.1125
1544641200,1.125
1544644800,1.1375
1544648400,1.15
1544652000,1.1625
1544655600,1.175
1544659200,1.1875
1544662800,1.2125
1544666400,1.225
1544670000,1.2375
1544673600,1.25
1544677200,1.2625
1544680800,1.275
1544684400,1.3
1544688000,1.3125
1544691600,1.325
1544695200,1.3375
1544698800,1.35
1544702400,1.3625
1544706000,1.375
1544709600,1.3875
1544713200,1.3875
1544716800,1.4
1544720400,1.4125
1544724000,1.425
1544727600,1.425
1544731200,1.4375
1544734800,1.4375
1544738400,1.45
1544742000,1.45
1544745600,1.45
1544749200,1.45
1544752800,1.4625
1544756400,1.4625
1544760000,1.4625
1544763600,1.4625
1544767200,1.45
1544770800,1.45
1544774400,1.45
1544778000,1.45
1544781600,1.4375
1544785200,1.4375
1544788800,1.425
1544792400,1.4125
1544796000,1.4125
1544799600,1.4
1544803200,1.375
1544806800,1.3375
1544810400,1.3
1544814000,1.2625
1544817600,1.225
1544821200,1.2
1544824800,1.1625
1544828400,1.1375
1544832000,1.1125
1544835600,1.0875
1544839200,1.0625
1544842800,1.05
1544846400,1.0375
1544850000,1.025
1544853600,1.0125
1544857200,1.0125
1544860800,1
1544864400,1.0125
1544868000,1.0125
1544871600,1.025
1544875200,1.025
1544878800,1.05
1544882400,1.0625
1544886000,1.075
1544889600,1.1
1544893200,1.125
1544896800,1.15
1544900400,1.1875
1544904000,1.2125
1544907600,1.25
1544911200,1.2875
1544914800,1.325
1544918400,1.3625
1544922000,1.4
1544925600,1.45
1544929200,1.4875
1544932800,1.525
1544936400,1.5625
1544940000,1.6125
1544943600,1.6625
1544947200,1.7
1544950800,1.7375
1544954400,1.7875
1544958000,1.825
1544961600,1.8625
1544965200,1.9125
1544968800,1.95
1544972400,1.9875
1544976000,2.025
1544979600,2.05
1544983200,2.0875
1544986800,2.125
1544990400,2.1625
1544994000,2.1875
1544997600,2.2125
1545001200,2.2375
1545004800,2.2625
1545008400,2.2875
1545012000,2.3125
1545015600,2.325
1545019200,2.35
1545022800,2.3625
1545026400,2.375
1545030000,2.3875
1545033600,2.4
1545037200,2.4
1545040800,2.4125
1545044400,2.4125
1545048000,2.4125
1545051600,2.4125
1545055200,2.4125
1545058800,2.4125
1545062400,2.4
1545066000,2.4
1545069600,2.3875
1545073200,2.375
1545076800,2.3625
1545080400,2.3375
1545084000,2.325
1545087600,2.3
1545091200,2.2875
1545094800,2.2625
1545098400,2.2375
1545102000,2.2125
1545105600,2.175
1545109200,2.15
1545112800,2.1125
1545116400,2.0875
1545120000,2.05
1545123600,2.0125
1545127200,1.975
1545130800,1.9375
1545134400,1.9
1545138000,1.85
1545141600,1.825
1545145200,1.775
1545148800,1.7375
1545152400,1.6875
1545156000,1.65
1545159600,1.6125
1545163200,1.5625
1545166800,1.525
1545170400,1.4875
1545174000,1.45
1545177600,1.4
1545181200,1.3625
1545184800,1.325
1545188400,1.2875
1545192000,1.25
1545195600,1.225
1545199200,1.2
1545202800,1.1625
1545206400,1.1375
1545210000,1.1125
1545213600,1.0875
1545217200,1.075
1545220800,1.05
1545224400,1.0375
1545228000,1.025
1545231600,1.0125
1545235200,1.0125
1545238800,1.0125
1545242400,1.0125
1545246000,1.0125
1545249600,1.0125
1545253200,1.025
1545256800,1.0375
1545260400,1.05
1545264000,1.0625
1545267600,1.0875
1545271200,1.1125
1545274800,1.125
1545278400,1.1625
1545282000,1.1875
1545285600,1.2125
1545289200,1.25
1545292800,1.275
1545296400,1.3125
1545300000,1.35
1545303600,1.3875
1545307200,1.425
1545310800,1.4625
1545314400,1.5
1545318000,1.5375
1545321600,1.575
1545325200,1.6125
1545328800,1.65
1545332400,1.7
1545336000,1.7375
1545339600,1.775
1545343200,1.8125
1545346800,1.85
1545350400,1.875
1545354000,1.9125
1545357600,1.95
1545361200,1.975
1545364800,2.0125
1545368400,2.0375
1545372000,2.0625
1545375600,2.1
1545379200,2.125
1545382800,2.15
1545386400,2.1625
1545390000,2.1875
1545393600,2.2
1545397200,2.225
1545400800,2.2375
1545404400,2.25
1545408000,2.2625
1545411600,2.2625
1545415200,2.275
1545418800,2.275
1545422400,2.2875
1545426000,2.2875
1545429600,2.2875
1545433200,2.2875
1545436800,2.275
1545440400,2.275
1545444000,2.2625
1545447600,2.25
1545451200,2.2375
1545454800,2.225
1545458400,2.2125
1545462000,2.1875
1545465600,2.175
1545469200,2.15
1545472800,2.1375
1545476400,2.1125
1545480000,2.0875
1545483600,2.05
1545487200,2.025
1545490800,2
1545494400,1.9625
1545498000,1.9375
1545501600,1.9
1545505200,1.8625
1545508800,1.825
1545512400,1.8
1545516000,1.75
1545519600,1.725
1545523200,1.675
1545526800,1.6375
1545530400,1.6
1545534000,1.5625
1545537600,1.525
1545541200,1.4875
1545544800,1.45
1545548400,1.4125
1545552000,1.375
1545555600,1.3375
1545559200,1.3125
1545562800,1.275
1545566400,1.2375
1545570000,1.2125
1545573600,1.1875
1545577200,1.1625
1545580800,1.1375
1545584400,1.1125
1545588000,1.0875
1545591600,1.0625
1545595200,1.05
1545598800,1.0375
1545602400,1.025
1545606000,1.0125
1545609600,1.0125
1545613200,1.0125
1545616800,1
1545620400,1.0125
1545624000,1.0125
1545627600,1.025
1545631200,1.025
1545634800,1.0375
1545638400,1.05
1545642000,1.075
1545645600,1.0875
1545649200,1.1125
1545652800,1.1375
1545656400,1.1625
1545660000,1.1875
1545663600,1.2125
1545667200,1.25
1545670800,1.275
1545674400,1.3125
1545678000,1.3375
1545681600,1.375
1545685200,1.4
1545688800,1.45
1545692400,1.475
1545696000,1.5125
1545699600,1.55
1545703200,1.5875
1545706800,1.625
1545710400,1.6625
1545714000,1.7
1545717600,1.725
1545721200,1.7625
1545724800,1.8
1545728400,1.825
1545732000,1.85
1545735600,1.8875
1545739200,1.9125
1545742800,1.9375
1545746400,1.9625
1545750000,1.9875
1545753600,2.0125
1545757200,2.0375
1545760800,2.05
1545764400,2.075
1545768000,2.0875
1545771600,2.1
1545775200,2.1125
1545778800,2.125
1545782400,2.1375
1545786000,2.15
1545789600,2.15
1545793200,2.1625
1545796800,2.1625
1545800400,2.1625
1545804000,2.1625
1545807600,2.1625
1545811200,2.15
1545814800,2.15
1545818400,2.1375
1545822000,2.125
1545825600,2.1125
1545829200,2.1
1545832800,2.0875
1545836400,2.075
1545840000,2.05
1545843600,2.0375
1545847200,2.0125
1545850800,1.9875
1545854400,1.9625
1545858000,1.9375
1545861600,1.9125
1545865200,1.8875
1545868800,1.8625
1545872400,1.825
1545876000,1.8
1545879600,1.7625
1545883200,1.725
1545886800,1.7
1545890400,1.6625
1545894000,1.625
1545897600,1.6
1545901200,1.5625
1545904800,1.525
1545908400,1.4875
1545912000,1.4625
1545915600,1.4125
1545919200,1.3875
1545922800,1.35
1545926400,1.325
1545930000,1.2875
1545933600,1.2625
1545937200,1.225
1545940800,1.2
1545944400,1.175
1545948000,1.15
1545951600,1.125
1545955200,1.1
1545958800,1.0875
1545962400,1.0625
1545966000,1.05
1545969600,1.0375
1545973200,1.025
1545976800,1.025
1545980400,1.0125
1545984000,1.0125
1545987600,1
1545991200,1.0125
1545994800,1.0125
1545998400,1.0125
1546002000,1.025
1546005600,1.0375
1546009200,1.05
1546012800,1.0625
1546016400,1.075
1546020000,1.1
1546023600,1.1125
1546027200,1.1375
1546030800,1.1625
1546034400,1.1875
1546038000,1.2125
1546041600,1.25
1546045200,1.275
1546048800,1.3
1546052400,1.3375
1546056000,1.3625
1546059600,1.4
1546063200,1.425
1546066800,1.4625
1546070400,1.5
1546074000,1.525
1546077600,1.5625
1546081200,1.5875
1546084800,1.625
1546088400,1.65
1546092000,1.6875
1546095600,1.7125
1546099200,1.75
1546102800,1.775
1546106400,1.8
1546110000,1.825
1546113600,1.85
1546117200,1.875
1546120800,1.9
1546124400,1.925
1546128000,1.9375
1546131600,1.9625
1546135200,1.975
1546138800,1.9875
1546142400,2
1546146000,2.0125
1546149600,2.025
1546153200,2.0375
1546156800,2.0375
1546160400,2.05
1546164000,2.05
1546167600,2.05
1546171200,2.05
1546174800,2.05
1546178400,2.05
1546182000,2.05
1546185600,2.0375
1546189200,2.025
1546192800,2.025
1546196400,2.0125
1546200000,2
1546203600,1.9875
1546207200,1.9625
1546210800,1.95
1546214400,1.925
1546218000,1.9125
1546221600,1.8875
1546225200,1.8625
1546228800,1.8375
1546232400,1.8125
1546236000,1.7875
1546239600,1.7625
1546243200,1.7375
1546246800,1.7125
1546250400,1.675
1546254000,1.65
1546257600,1.6125
1546261200,1.5875
1546264800,1.55
1546268400,1.525
1546272000,1.4875
1546275600,1.4625
1546279200,1.425
1546282800,1.3875
1546286400,1.3625
1546290000,1.325
1546293600,1.3
1546297200,1.275
1546300800,1.25
1546304400,1.2125
1546308000,1.1875
1546311600,1.1625
1546315200,1.1375
1546318800,1.125
1546322400,1.1
1546326000,1.075
1546329600,1.0625
1546333200,1.05
1546336800,1.0375
1546340400,1.025
1546344000,1.025
1546347600,1.0125
1546351200,1.0125
1546354800,1.0125
1546358400,1
1546362000,1.0125
1546365600,1.0125
1546369200,1.025
1546372800,1.025
1546376400,1.0375
1546380000,1.05
1546383600,1.0625
1546387200,1.0875
1546390800,1.1
1546394400,1.125
1546398000,1.1375
1546401600,1.1625
1546405200,1.1875
1546408800,1.2125
1546412400,1.2375
1546416000,1.2625
1546419600,1.2875
1546423200,1.325
1546426800,1.35
1546430400,1.375
1546434000,1.4125
1546437600,1.4375
1546441200,1.475
1546444800,1.5
1546448400,1.525
1546452000,1.55
1546455600,1.5875
1546459200,1.6125
1546462800,1.6375
1546466400,1.675
1546470000,1.7
1546473600,1.725
1546477200,1.75
1546480800,1.7625
1546484400,1.7875
1546488000,1.8125
1546491600,1.8375
1546495200,1.85
1546498800,1.8625
1546502400,1.8875
1546506000,1.9
1546509600,1.9125
1546513200,1.925
1546516800,1.925
1546520400,1.9375
1546524000,1.95
1546527600,1.95
1546531200,1.95
1546534800,1.95
1546538400,1.9625
1546542000,1.95
1546545600,1.95
1546549200,1.95
1546552800,1.9375
1546556400,1.9375
1546560000,1.925
1546563600,1.9125
1546567200,1.9
1546570800,1.8875
1546574400,1.875
1546578000,1.8625
1546581600,1.8375
1546585200,1.825
1546588800,1.8
1546592400,1.775
1546596000,1.7625
1546599600,1.7375
1546603200,1.7125
1546606800,1.6875
1546610400,1.6625
1546614000,1.6375
1546617600,1.6
1546621200,1.575
1546624800,1.55
1546628400,1.525
1546632000,1.4875
1546635600,1.4625
1546639200,1.4375
1546642800,1.4
1546646400,1.375
1546650000,1.35
1546653600,1.3125
1546657200,1.2875
1546660800,1.2625
1546664400,1.2375
1546668000,1.2125
1546671600,1.1875
1546675200,1.1625
1546678800,1.1375
1546682400,1.125
1546686000,1.1
1546689600,1.0875
1546693200,1.075
1546696800,1.05
1546700400,1.0375
1546704000,1.0375
1546707600,1.025
1546711200,1.0125
1546714800,1.0125
1546718400,1.0125
1546722000,1
1546725600,1.0125
1546729200,1.0125
1546732800,1.0125
1546736400,1.025
1546740000,1.025
1546743600,1.0375
1546747200,1.05
1546750800,1.0625
1546754400,1.0875
1546758000,1.1
1546761600,1.1125
1546765200,1.1375
1546768800,1.1625
1546772400,1.175
1546776000,1.2
1546779600,1.2375
1546783200,1.25
1546786800,1.275
1546790400,1.3125
1546794000,1.325
1546797600,1.3625
1546801200,1.3875
1546804800,1.4125
1546808400,1.4375
1546812000,1.4625
1546815600,1.5
1546819200,1.525
1546822800,1.55
1546826400,1.575
1546830000,1.6
1546833600,1.625
1546837200,1.6375
1546840800,1.6625
1546844400,1.6875
1546848000,1.7125
1546851600,1.725
1546855200,1.75
1546858800,1.7625
1546862400,1.775
1546866000,1.8
1546869600,1.8125
1546873200,1.825
1546876800,1.8375
1546880400,1.8375
1546884000,1.85
1546887600,1.85
1546891200,1.8625
1546894800,1.8625
1546898400,1.8625
1546902000,1.8625
1546905600,1.8625
1546909200,1.8625
1546912800,1.8625
1546916400,1.85
1546920000,1.85
1546923600,1.8375
1546927200,1.8375
1546930800,1.825
1546934400,1.8125
1546938000,1.8
1546941600,1.775
1546945200,1.7625
1546948800,1.75
1546952400,1.725
1546956000,1.7125
1546959600,1.6875
1546963200,1.6625
1546966800,1.65
1546970400,1.625
1546974000,1.6
1546977600,1.575
1546981200,1.55
1546984800,1.525
1546988400,1.5
1546992000,1.475
1546995600,1.45
1546999200,1.425
1547002800,1.3875
1547006400,1.3625
1547010000,1.3375
1547013600,1.3125
1547017200,1.2875
1547020800,1.2625
1547024400,1.2375
1547028000,1.2125
1547031600,1.1875
1547035200,1.175
1547038800,1.15
1547042400,1.125
1547046000,1.1125
1547049600,1.0875
1547053200,1.075
1547056800,1.0625
1547060400,1.05
1547064000,1.0375
1547067600,1.025
1547071200,1.025
1547074800,1.0125
1547078400,1.0125
1547082000,1.0125
1547085600,1
1547089200,1.0125
1547092800,1.0125
1547096400,1.0125
1547100000,1.025
1547103600,1.025
1547107200,1.0375
1547110800,1.05
1547114400,1.0625
1547118000,1.075
1547121600,1.0875
1547125200,1.1125
1547128800,1.125
1547132400,1.15
1547136000,1.1625
1547139600,1.1875
1547143200,1.2125
1547146800,1.2375
1547150400,1.25
1547154000,1.275
1547157600,1.3
1547161200,1.325
1547164800,1.35
1547168400,1.375
1547172000,1.4
1547175600,1.425
1547179200,1.45
1547182800,1.475
1547186400,1.5
1547190000,1.525
1547193600,1.55
1547197200,1.5625
1547200800,1.5875
1547204400,1.6125
1547208000,1.625
1547211600,1.65
1547215200,1.6625
1547218800,1.6875
1547222400,1.7
1547226000,1.7125
1547229600,1.725
1547233200,1.7375
1547236800,1.75
1547240400,1.7625
1547244000,1.7625
1547247600,1.775
1547251200,1.775
1547254800,1.7875
1547258400,1.7875
1547262000,1.7875
1547265600,1.7875
1547269200,1.7875
1547272800,1.7875
1547276400,1.775
1547280000,1.775
1547283600,1.7625
1547287200,1.7625
1547290800,1.75
1547294400,1.7375
1547298000,1.725
1547301600,1.7125
1547305200,1.7
1547308800,1.6875
1547312400,1.6625
1547316000,1.65
1547319600,1.6375
1547323200,1.6125
1547326800,1.5875
1547330400,1.575
1547334000,1.55
1547337600,1.525
1547341200,1.5125
1547344800,1.4875
1547348400,1.4625
1547352000,1.4375
1547355600,1.4125
1547359200,1.3875
1547362800,1.3625
1547366400,1.3375
1547370000,1.3125
1547373600,1.2875
1547377200,1.2625
1547380800,1.25
1547384400,1.225
1547388000,1.2
1547391600,1.175
1547395200,1.1625
1547398800,1.1375
1547402400,1.125
1547406000,1.1
1547409600,1.0875
1547413200,1.075
1547416800,1.0625
1547420400,1.05
1547424000,1.0375
1547427600,1.025
1547431200,1.025
1547434800,1.0125
1547438400,1.0125
1547442000,1.0125
1547445600,1
1547449200,1.0125
1547452800,1.0125
1547456400,1.0125
1547460000,1.0125
1547463600,1.025
1547467200,1.0375
1547470800,1.0375
1547474400,1.05
1547478000,1.0625
1547481600,1.075
1547485200,1.1
1547488800,1.1125
1547492400,1.125
1547496000,1.15
1547499600,1.1625
1547503200,1.1875
1547506800,1.2
1547510400,1.225
1547514000,1.25
1547517600,1.275
1547521200,1.2875
1547524800,1.3125
1547528400,1.3375
1547532000,1.3625
1547535600,1.3875
1547539200,1.4
1547542800,1.425
1547546400,1.45
1547550000,1.475
1547553600,1.4875
1547557200,1.5125
1547560800,1.525
1547564400,1.55
1547568000,1.5625
1547571600,1.5875
1547575200,1.6
1547578800,1.6125
1547582400,1.625
1547586000,1.65
1547589600,1.65
1547593200,1.6625
1547596800,1.675
1547600400,1.6875
1547604000,1.7
1547607600,1.7
1547611200,1.7125
1547614800,1.7125
1547618400,1.7125
1547622000,1.7125
1547625600,1.7125
1547629200,1.7125
1547632800,1.7125
1547636400,1.7125
1547640000,1.7
1547643600,1.7
1547647200,1.6875
1547650800,1.675
1547654400,1.675
1547658000,1.6625
1547661600,1.65
1547665200,1.6375
1547668800,1.625
1547672400,1.6
1547676000,1.5875
1547679600,1.575
1547683200,1.55
1547686800,1.5375
1547690400,1.5125
1547694000,1.5
1547697600,1.475
1547701200,1.4625
1547704800,1.4375
1547708400,1.4125
1547712000,1.3875
1547715600,1.375
1547719200,1.35
1547722800,1.325
1547726400,1.3
1547730000,1.2875
1547733600,1.2625
1547737200,1.2375
1547740800,1.225
1547744400,1.2
1547748000,1.175
1547751600,1.1625
1547755200,1.1375
1547758800,1.125
1547762400,1.1125
1547766000,1.0875
1547769600,1.075
1547773200,1.0625
1547776800,1.05
1547780400,1.0375
1547784000,1.0375
1547787600,1.025
1547791200,1.0125
1547794800,1.0125
1547798400,1.0125
1547802000,1.0125
1547805600,1
1547809200,1.0125
1547812800,1.0125
1547816400,1.0125
1547820000,1.025
1547823600,1.025
1547827200,1.0375
1547830800,1.0375
1547834400,1.05
1547838000,1.0625
1547841600,1.075
1547845200,1.0875
1547848800,1.1
1547852400,1.125
1547856000,1.1375
1547859600,1.15
1547863200,1.175
1547866800,1.1875
1547870400,1.2125
1547874000,1.2375
1547877600,1.25
1547881200,1.275
1547884800,1.2875
1547888400,1.3125
1547892000,1.3375
1547895600,1.35
1547899200,1.375
1547902800,1.4
1547906400,1.4125
1547910000,1.4375
1547913600,1.45
1547917200,1.475
1547920800,1.4875
1547924400,1.5
1547928000,1.525
1547931600,1.5375
1547935200,1.55
1547938800,1.5625
1547942400,1.575
1547946000,1.5875
1547949600,1.6
1547953200,1.6125
1547956800,1.625
1547960400,1.625
1547964000,1.6375
1547967600,1.6375
1547971200,1.6375
1547974800,1.65
1547978400,1.65
1547982000,1.65
1547985600,1.65
1547989200,1.65
1547992800,1.65
1547996400,1.6375
1548000000,1.6375
1548003600,1.625
1548007200,1.625
1548010800,1.6125
1548014400,1.6
1548018000,1.5875
1548021600,1.575
1548025200,1.575
1548028800,1.55
1548032400,1.5375
1548036000,1.525
1548039600,1.5125
1548043200,1.5
1548046800,1.475
1548050400,1.4625
1548054000,1.4375
1548057600,1.425
1548061200,1.4
1548064800,1.3875
1548068400,1.3625
1548072000,1.3375
1548075600,1.325
1548079200,1.3
1548082800,1.2875
1548086400,1.2625
1548090000,1.25
1548093600,1.225
1548097200,1.2
1548100800,1.1875
1548104400,1.1625
1548108000,1.15
1548111600,1.1375
1548115200,1.1125
1548118800,1.1
1548122400,1.0875
1548126000,1.075
1548129600,1.0625
1548133200,1.05
1548136800,1.0375
1548140400,1.0375
1548144000,1.025
1548147600,1.025
1548151200,1.0125
1548154800,1.0125
1548158400,1.0125
1548162000,1
1548165600,1.0125
1548169200,1.0125
1548172800,1.0125
1548176400,1.0125
1548180000,1.025
1548183600,1.025
1548187200,1.0375
1548190800,1.05
1548194400,1.05
1548198000,1.0625
1548201600,1.075
1548205200,1.0875
1548208800,1.1125
1548212400,1.125
1548216000,1.1375
1548219600,1.15
1548223200,1.175
1548226800,1.1875
1548230400,1.2
1548234000,1.225
1548237600,1.2375
1548241200,1.2625
1548244800,1.275
1548248400,1.3
1548252000,1.3125
1548255600,1.3375
1548259200,1.35
1548262800,1.375
1548266400,1.3875
1548270000,1.4125
1548273600,1.425
1548277200,1.4375
1548280800,1.4625
1548284400,1.475
1548288000,1.4875
1548291600,1.5
1548295200,1.5125
1548298800,1.525
1548302400,1.5375
1548306000,1.5375
1548309600,1.55
1548313200,1.5625
1548316800,1.5625
1548320400,1.575
1548324000,1.575
1548327600,1.5875
1548331200,1.5875
1548334800,1.5875
1548338400,1.5875
1548342000,1.5875
1548345600,1.5875
1548349200,1.5875
1548352800,1.5875
1548356400,1.575
1548360000,1.575
1548363600,1.5625
1548367200,1.5625
1548370800,1.55
1548374400,1.5375
1548378000,1.525
1548381600,1.5125
1548385200,1.5125
1548388800,1.5
1548392400,1.4875
1548396000,1.4625
1548399600,1.45
1548403200,1.4375
1548406800,1.4125
1548410400,1.4
1548414000,1.3875
1548417600,1.3625
1548421200,1.35
1548424800,1.325
1548428400,1.3125
1548432000,1.2875
1548435600,1.275
1548439200,1.2625
1548442800,1.2375
1548446400,1.225
1548450000,1.2
1548453600,1.1875
1548457200,1.1625
1548460800,1.15
1548464400,1.1375
1548468000,1.125
1548471600,1.1125
1548475200,1.0875
1548478800,1.075
1548482400,1.0625
1548486000,1.0625
1548489600,1.05
1548493200,1.0375
1548496800,1.025
1548500400,1.025
1548504000,1.0125
1548507600,1.0125
1548511200,1.0125
1548514800,1.0125
1548518400,1
1548522000,1.0125
1548525600,1.0125
1548529200,1.0125
1548532800,1.0125
1548536400,1.025
1548540000,1.025
1548543600,1.0375
1548547200,1.0375
1548550800,1.05
1548554400,1.0625
1548558000,1.075
1548561600,1.0875
1548565200,1.1
1548568800,1.1125
1548572400,1.125
1548576000,1.1375
1548579600,1.1625
1548583200,1.175
1548586800,1.1875
1548590400,1.2125
1548594000,1.225
1548597600,1.2375
1548601200,1.2625
1548604800,1.275
1548608400,1.2875
1548612000,1.3125
1548615600,1.325
1548619200,1.3375
1548622800,1.3625
1548626400,1.375
1548630000,1.3875
1548633600,1.4
1548637200,1.4125
1548640800,1.425
1548644400,1.4375
1548648000,1.4625
1548651600,1.4625
1548655200,1.475
1548658800,1.4875
1548662400,1.5
1548666000,1.5
1548669600,1.5125
1548673200,1.5125
1548676800,1.525
1548680400,1.525
1548684000,1.5375
1548687600,1.5375
1548691200,1.5375
1548694800,1.5375
1548698400,1.5375
1548702000,1.5375
1548705600,1.525
1548709200,1.525
1548712800,1.525
1548716400,1.5125
1548720000,1.5125
1548723600,1.5
1548727200,1.5
1548730800,1.4875
1548734400,1.475
1548738000,1.4625
1548741600,1.4625
1548745200,1.4375
1548748800,1.425
1548752400,1.4125
1548756000,1.4
1548759600,1.3875
1548763200,1.375
1548766800,1.3625
1548770400,1.3375
1548774000,1.325
1548777600,1.3125
1548781200,1.2875
1548784800,1.275
1548788400,1.2625
1548792000,1.2375
1548795600,1.225
1548799200,1.2125
1548802800,1.1875
1548806400,1.175
1548810000,1.1625
1548813600,1.15
1548817200,1.1375
1548820800,1.1125
1548824400,1.1
1548828000,1.0875
1548831600,1.075
1548835200,1.0625
1548838800,1.05
1548842400,1.05
1548846000,1.0375
1548849600,1.025
1548853200,1.025
1548856800,1.025
1548860400,1.0125
1548864000,1
1548867600,1.0125
1548871200,1
1548874800,1
1548878400,1.0125
1548882000,1.0125
1548885600,1.0125
1548889200,1.0125
1548892800,1.025
1548896400,1.025
1548900000,1.0375
1548903600,1.0375
1548907200,1.05
1548910800,1.0625
1548914400,1.075
1548918000,1.0875
1548921600,1.1
1548925200,1.1125
1548928800,1.125
1548932400,1.1375
1548936000,1.15
1548939600,1.1625
1548943200,1.175
1548946800,1.2
1548950400,1.2125
1548954000,1.225
1548957600,1.2375
1548961200,1.2625
1548964800,1.275
1548968400,1.2875
1548972000,1.3
1548975600,1.3125
1548979200,1.3375
1548982800,1.35
1548986400,1.3625
1548990000,1.375
1548993600,1.3875
1548997200,1.4
1549000800,1.4125
1549004400,1.425
1549008000,1.425
1549011600,1.4375
1549015200,1.45
1549018800,1.4625
1549022400,1.4625
1549026000,1.475
1549029600,1.475
1549033200,1.4875
1549036800,1.4875
1549040400,1.4875
1549044000,1.4875
1549047600,1.4875
1549051200,1.4875
1549054800,1.4875
1549058400,1.4875
1549062000,1.4875
1549065600,1.475
1549069200,1.475
1549072800,1.4625
1549076400,1.4625
1549080000,1.45
1549083600,1.45
1549087200,1.4375
1549090800,1.425
1549094400,1.4125
1549098000,1.4125
1549101600,1.4
1549105200,1.3875
1549108800,1.375
1549112400,1.3625
1549116000,1.3375
1549119600,1.325
1549123200,1.3125
1549126800,1.3
1549130400,1.2875
1549134000,1.275
1549137600,1.25
1549141200,1.2375
1549144800,1.225
1549148400,1.2125
1549152000,1.2
1549155600,1.175
1549159200,1.1625
1549162800,1.15
1549166400,1.1375
1549170000,1.125
1549173600,1.1125
1549177200,1.1
1549180800,1.0875
1549184400,1.075
1549188000,1.0625
1549191600,1.05
1549195200,1.05
1549198800,1.0375
1549202400,1.025
1549206000,1.025
1549209600,1.025
1549213200,1.0125
1549216800,1.0125
1549220400,1.0125
1549224000,1.0125
1549227600,1
1549231200,1.0125
1549234800,1.0125
1549238400,1.0125
1549242000,1.0125
1549245600,1.025
1549249200,1.025
1549252800,1.025
1549256400,1.0375
1549260000,1.05
1549263600,1.05
1549267200,1.0625
1549270800,1.075
1549274400,1.0875
1549278000,1.1
1549281600,1.1125
1549285200,1.125
1549288800,1.1375
1549292400,1.15
1549296000,1.1625
1549299600,1.175
1549303200,1.1875
1549306800,1.2
1549310400,1.2125
1549314000,1.2375
1549317600,1.25
1549321200,1.2625
1549324800,1.275
1549328400,1.2875
1549332000,1.3
1549335600,1.3125
1549339200,1.325
1549342800,1.3375
1549346400,1.35
1549350000,1.3625
1549353600,1.375
1549357200,1.375
1549360800,1.3875
1549364400,1.4
1549368000,1.4125
1549371600,1.4125
1549375200,1.425
1549378800,1.425
1549382400,1.425
1549386000,1.4375
1549389600,1.4375
1549393200,1.4375
1549396800,1.4375
1549400400,1.4375
1549404000,1.4375
1549407600,1.4375
1549411200,1.4375
1549414800,1.4375
1549418400,1.4375
1549422000,1.425
1549425600,1.425
1549429200,1.425
1549432800,1.4125
1549436400,1.4
1549440000,1.4
1549443600,1.3875
1549447200,1.375
1549450800,1.375
1549454400,1.3625
1549458000,1.35
1549461600,1.3375
1549465200,1.325
1549468800,1.3125
1549472400,1.3
1549476000,1.2875
1549479600,1.275
1549483200,1.2625
1549486800,1.25
1549490400,1.2375
1549494000,1.225
1549497600,1.2
1549501200,1.1875
1549504800,1.175
1549508400,1.1625
1549512000,1.15
1549515600,1.1375
1549519200,1.125
1549522800,1.1125
1549526400,1.1
1549530000,1.0875
1549533600,1.0875
1549537200,1.1
1549540800,1.1
1549544400,1.1
1549548000,1.1125
1549551600,1.1125
1549555200,1.1125
1549558800,1.1125
1549562400,1.125
1549566000,1.125
1549569600,1.125
1549573200,1.125
1549576800,1.125
1549580400,1.1375
1549584000,1.1375
1549587600,1.1375
1549591200,1.1375
1549594800,1.1375
1549598400,1.1375
1549602000,1.1375
1549605600,1.1375
1549609200,1.1375
1549612800,1.1375
1549616400,1.1375
1549620000,1.1375
1549623600,1.1375
1549627200,1.1375
1549630800,1.1375
1549634400,1.125
1549638000,1.125
1549641600,1.125
1549645200,1.125
1549648800,1.125
1549652400,1.1125
1549656000,1.1125
1549659600,1.1125
1549663200,1.1125
1549666800,1.1
1549670400,1.1
1549674000,1.1
1549677600,1.0875
1549681200,1.0875
1549684800,1.0875
1549688400,1.075
1549692000,1.075
1549695600,1.075
1549699200,1.0625
1549702800,1.0625
1549706400,1.0625
1549710000,1.05
1549713600,1.05
1549717200,1.05
1549720800,1.0375
1549724400,1.0375
1549728000,1.0375
1549731600,1.025
1549735200,1.025
1549738800,1.025
1549742400,1.025
1549746000,1.025
1549749600,1.0125
1549753200,1.0125
1549756800,1.0125
1549760400,1.0125
1549764000,1.0125
1549767600,1.0125
1549771200,1.0125
1549774800,1
1549778400,1
1549782000,1
1549785600,1.0125
1549789200,1.0125
1549792800,1.0125
1549796400,1.0125
1549800000,1.0125
1549803600,1.0125
1549807200,1.0125
1549810800,1.0125
1549814400,1.025
1549818000,1.025
1549821600,1.025
1549825200,1.025
1549828800,1.025
1549832400,1.0375
1549836000,1.0375
1549839600,1.0375
1549843200,1.0375
1549846800,1.05
1549850400,1.05
1549854000,1.05
1549857600,1.0625
1549861200,1.0625
1549864800,1.0625
1549868400,1.075
1549872000,1.075
1549875600,1.075
1549879200,1.0875
1549882800,1.0875
1549886400,1.0875
1549890000,1.1
1549893600,1.1
1549897200,1.1
1549900800,1.1
1549904400,1.1125
1549908000,1.1125
1549911600,1.1125
1549915200,1.1125
1549918800,1.1125
1549922400,1.125
1549926000,1.125
1549929600,1.125
1549933200,1.125
1549936800,1.125
1549940400,1.125
1549944000,1.125
1549947600,1.125
1549951200,1.125
1549954800,1.125
1549958400,1.125
1549962000,1.125
1549965600,1.125
1549969200,1.125
1549972800,1.125
1549976400,1.125
1549980000,1.125
1549983600,1.1125
1549987200,1.1125
1549990800,1.1125
1549994400,1.1125
1549998000,1.1125
1550001600,1.1
1550005200,1.1
1550008800,1.1
1550012400,1.0875
1550016000,1.0875
1550019600,1.0875
1550023200,1.0875
1550026800,1.075
1550030400,1.075
1550034000,1.075
1550037600,1.0625
1550041200,1.0625
1550044800,1.0625
1550048400,1.05
1550052000,1.05
1550055600,1.05
1550059200,1.0375
1550062800,1.0375
1550066400,1.0375
1550070000,1.0375
1550073600,1.025
1550077200,1.025
1550080800,1.025
1550084400,1.025
1550088000,1.025
1550091600,1.0125
1550095200,1.0125
1550098800,1.0125
1550102400,1.0125
1550106000,1.0125
1550109600,1.0125
1550113200,1.0125
1550116800,1.0125
1550120400,1.0125
1550124000,1
1550127600,1
1550131200,1
1550134800,1.0125
1550138400,1.0125
1550142000,1.0125
1550145600,1.0125
1550149200,1.0125
1550152800,1.0125
1550156400,1.0125
1550160000,1.0125
1550163600,1.025
1550167200,1.025
1550170800,1.025
1550174400,1.025
1550178000,1.025
1550181600,1.0375
1550185200,1.0375
1550188800,1.0375
1550192400,1.05
1550196000,1.05
1550199600,1.05
1550203200,1.05
1550206800,1.0625
1550210400,1.0625
1550214000,1.0625
1550217600,1.0625
1550221200,1.075
1550224800,1.075
1550228400,1.075
1550232000,1.0875
1550235600,1.0875
1550239200,1.0875
1550242800,1.0875
1550246400,1.1
1550250000,1.1
1550253600,1.1
1550257200,1.1
1550260800,1.1
1550264400,1.1125
1550268000,1.1125
1550271600,1.1125
1550275200,1.1125
1550278800,1.1125
1550282400,1.1125
1550286000,1.1125
1550289600,1.1125
1550293200,1.1125
1550296800,1.1125
1550300400,1.1125
1550304000,1.1125
1550307600,1.1125
1550311200,1.1125
1550314800,1.1125
1550318400,1.1125
1550322000,1.1125
1550325600,1.1125
1550329200,1.1
1550332800,1.1
1550336400,1.1
1550340000,1.1
1550343600,1.1
1550347200,1.1
1550350800,1.0875
1550354400,1.0875
1550358000,1.0875
1550361600,1.075
1550365200,1.075
1550368800,1.075
1550372400,1.075
1550376000,1.0625
1550379600,1.0625
1550383200,1.0625
1550386800,1.0625
1550390400,1.05
1550394000,1.05
1550397600,1.05
1550401200,1.0375
1550404800,1.0375
1550408400,1.0375
1550412000,1.0375
1550415600,1.025
1550419200,1.025
1550422800,1.025
1550426400,1.025
1550430000,1.025
1550433600,1.0125
1550437200,1.0125
1550440800,1.0125
1550444400,1.0125
1550448000,1.0125
1550451600,1.0125
1550455200,1.0125
1550458800,1.0125
1550462400,1.0125
1550466000,1
1550469600,1
1550473200,1
1550476800,1.0125
1550480400,1.0125
1550484000,1.0125
1550487600,1.0125
1550491200,1.0125
1550494800,1.0125
1550498400,1.0125
1550502000,1.0125
1550505600,1.0125
1550509200,1.025
1550512800,1.025
1550516400,1.025
1550520000,1.025
1550523600,1.025
1550527200,1.025
1550530800,1.0375
1550534400,1.0375
1550538000,1.0375
1550541600,1.0375
1550545200,1.05
1550548800,1.05
1550552400,1.05
1550556000,1.05
1550559600,1.0625
1550563200,1.0625
1550566800,1.0625
1550570400,1.075
1550574000,1.075
1550577600,1.075
1550581200,1.075
1550584800,1.0875
1550588400,1.0875
1550592000,1.0875
1550595600,1.0875
1550599200,1.0875
1550602800,1.1
1550606400,1.1
1550610000,1.1
1550613600,1.1
1550617200,1.1
1550620800,1.1
1550624400,1.1
1550628000,1.1
1550631600,1.1
1550635200,1.1
1550638800,1.1
1550642400,1.1
1550646000,1.1
1550649600,1.1
1550653200,1.1
1550656800,1.1
1550660400,1.1
1550664000,1.1
1550667600,1.1
1550671200,1.1
1550674800,1.1
1550678400,1.1
1550682000,1.0875
1550685600,1.0875
1550689200,1.0875
1550692800,1.0875
1550696400,1.0875
1550700000,1.075
1550703600,1.075
1550707200,1.075
1550710800,1.075
1550714400,1.0625
1550718000,1.0625
1550721600,1.0625
1550725200,1.0625
1550728800,1.05
1550732400,1.05
1550736000,1.05
1550739600,1.05
1550743200,1.0375
1550746800,1.0375
1550750400,1.0375
1550754000,1.0375
1550757600,1.025
1550761200,1.025
1550764800,1.025
1550768400,1.025
1550772000,1.025
1550775600,1.025
1550779200,1.0125
1550782800,1.0125
1550786400,1.0125
1550790000,1.0125
1550793600,1.0125
1550797200,1.0125
1550800800,1.0125
1550804400,1.0125
1550808000,1.0125
1550811600,1.0125
1550815200,1
1550818800,1
1550822400,1.0125
1550826000,1.0125
1550829600,1.0125
1550833200,1.0125
1550836800,1
1550840400,1.0125
1550844000,1.0125
1550847600,1.0125
1550851200,1.0125
1550854800,1.025
1550858400,1.025
1550862000,1.025
1550865600,1.025
1550869200,1.025
1550872800,1.025
1550876400,1.0375
1550880000,1.0375
1550883600,1.0375
1550887200,1.0375
1550890800,1.05
1550894400,1.05
1550898000,1.05
1550901600,1.05
1550905200,1.05
1550908800,1.0625
1550912400,1.0625
1550916000,1.0625
1550919600,1.0625
1550923200,1.075
1550926800,1.075
1550930400,1.075
1550934000,1.075
1550937600,1.075
1550941200,1.0875
1550944800,1.0875
1550948400,1.0875
1550952000,1.0875
1550955600,1.0875
1550959200,1.0875
1550962800,1.0875
1550966400,1.1
1550970000,1.1
1550973600,1.1
1550977200,1.1
1550980800,1.1
1550984400,1.1
1550988000,1.1
1550991600,1.1
1550995200,1.1
1550998800,1.1
1551002400,1.1
1551006000,1.1
1551009600,1.0875
1551013200,1.0875
1551016800,1.0875
1551020400,1.0875
1551024000,1.0875
1551027600,1.0875
1551031200,1.0875
1551034800,1.075
1551038400,1.075
1551042000,1.075
1551045600,1.075
1551049200,1.075
1551052800,1.0625
1551056400,1.0625
1551060000,1.0625
1551063600,1.0625
1551067200,1.05
1551070800,1.05
1551074400,1.05
1551078000,1.05
1551081600,1.05
1551085200,1.0375
1551088800,1.0375
1551092400,1.0375
1551096000,1.0375
1551099600,1.025
1551103200,1.025
1551106800,1.025
1551110400,1.025
1551114000,1.025
1551117600,1.0125
1551121200,1.0125
1551124800,1.0125
1551128400,1.0125
1551132000,1.0125
1551135600,1
1551139200,1.0125
1551142800,1.0125
1551146400,1.0125
1551150000,1.0125
1551153600,1
1551157200,1
1551160800,1
1551164400,1.0125
1551168000,1.0125
1551171600,1.0125
1551175200,1.0125
1551178800,1.0125
1551182400,1.0125
1551186000,1.0125
1551189600,1.0125
1551193200,1.0125
1551196800,1.0125
1551200400,1.0125
1551204000,1.025
1551207600,1.025
1551211200,1.025
1551214800,1.025
1551218400,1.025
1551222000,1.025
1551225600,1.0375
1551229200,1.0375
1551232800,1.0375
1551236400,1.0375
1551240000,1.0375
1551243600,1.05
1551247200,1.05
1551250800,1.05
1551254400,1.05
1551258000,1.0625
1551261600,1.0625
1551265200,1.0625
1551268800,1.0625
1551272400,1.0625
1551276000,1.075
1551279600,1.075
1551283200,1.075
1551286800,1.075
1551290400,1.075
1551294000,1.075
1551297600,1.075
1551301200,1.0875
1551304800,1.0875
1551308400,1.0875
1551312000,1.0875
1551315600,1.0875
1551319200,1.0875
1551322800,1.0875
1551326400,1.0875
1551330000,1.0875
1551333600,1.0875
1551337200,1.0875
1551340800,1.0875
1551344400,1.0875
1551348000,1.0875
1551351600,1.0875
1551355200,1.0875
1551358800,1.0875
1551362400,1.0875
1551366000,1.075
1551369600,1.075
1551373200,1.075
1551376800,1.075
1551380400,1.075
1551384000,1.075
1551387600,1.0625
1551391200,1.0625
1551394800,1.0625
1551398400,1.0625
1551402000,1.0625
1551405600,1.05
1551409200,1.05
1551412800,1.05
1551416400,1.05
1551420000,1.05
1551423600,1.0375
1551427200,1.0375
1551430800,1.0375
1551434400,1.0375
1551438000,1.0375
1551441600,1.025
1551445200,1.025
1551448800,1.025
1551452400,1.025
1551456000,1.025
1551459600,1.0125
1551463200,1.0125
1551466800,1.0125
1551470400,1.0125
1551474000,1.0125
1551477600,1.0125
1551481200,1.0125
1551484800,1.0125
1551488400,1.0125
1551492000,1.0125
1551495600,1.0125
1551499200,1.0125
1551502800,1
1551506400,1
1551510000,1
1551513600,1.0125
1551517200,1.0125
1551520800,1.0125
1551524400,1.0125
1551528000,1
1551531600,1.0125
1551535200,1.0125
1551538800,1.0125
1551542400,1.0125
1551546000,1.0125
1551549600,1.0125
1551553200,1.025
1551556800,1.025
1551560400,1.025
1551564000,1.025
1551567600,1.025
1551571200,1.025
1551574800,1.0375
1551578400,1.0375
1551582000,1.0375
1551585600,1.0375
1551589200,1.05
1551592800,1.05
1551596400,1.05
1551600000,1.05
1551603600,1.05
1551607200,1.05
1551610800,1.0625
1551614400,1.0625
1551618000,1.0625
1551621600,1.0625
1551625200,1.0625
1551628800,1.075
1551632400,1.075
1551636000,1.075
1551639600,1.075
1551643200,1.075
1551646800,1.075
1551650400,1.075
1551654000,1.075
1551657600,1.075
1551661200,1.075
1551664800,1.075
1551668400,1.075
1551672000,1.075
1551675600,1.075
1551679200,1.075
1551682800,1.075
1551686400,1.075
1551690000,1.075
1551693600,1.075
1551697200,1.075
1551700800,1.075
1551704400,1.075
1551708000,1.075
1551711600,1.075
1551715200,1.075
1551718800,1.075
1551722400,1.0625
1551726000,1.0625
1551729600,1.0625
1551733200,1.0625
1551736800,1.0625
1551740400,1.0625
1551744000,1.05
1551747600,1.05
1551751200,1.05
1551754800,1.05
1551758400,1.05
1551762000,1.0375
1551765600,1.0375
1551769200,1.0375
1551772800,1.0375
1551776400,1.0375
1551780000,1.0375
1551783600,1.025
1551787200,1.025
1551790800,1.025
1551794400,1.025
1551798000,1.025
1551801600,1.025
1551805200,1.0125
1551808800,1.0125
1551812400,1.0125
1551816000,1.0125
1551819600,1.0125
1551823200,1
1551826800,1.0125
1551830400,1.0125
1551834000,1.0125
1551837600,1
1551841200,1.0125
1551844800,1
1551848400,1
1551852000,1
1551855600,1.0125
1551859200,1.0125
1551862800,1.0125
1551866400,1.0125
1551870000,1.0125
1551873600,1.0125
1551877200,1.0125
1551880800,1.0125
1551884400,1.0125
1551888000,1.0125
1551891600,1.0125
1551895200,1.0125
1551898800,1.025
1551902400,1.025
1551906000,1.025
1551909600,1.025
1551913200,1.025
1551916800,1.025
1551920400,1.0375
1551924000,1.0375
1551927600,1.0375
1551931200,1.0375
1551934800,1.0375
1551938400,1.0375
1551942000,1.05
1551945600,1.05
1551949200,1.05
1551952800,1.05
1551956400,1.05
1551960000,1.05
1551963600,1.0625
1551967200,1.0625
1551970800,1.0625
1551974400,1.0625
1551978000,1.0625
1551981600,1.0625
1551985200,1.0625
1551988800,1.0625
1551992400,1.075
1551996000,1.075
1551999600,1.075
1552003200,1.075
1552006800,1.075
1552010400,1.075
1552014000,1.075
1552017600,1.075
1552021200,1.075
1552024800,1.075
1552028400,1.075
1552032000,1.075
1552035600,1.075
1552039200,1.075
1552042800,1.075
1552046400,1.075
1552050000,1.0625
1552053600,1.0625
1552057200,1.0625
1552060800,1.0625
1552064400,1.0625
1552068000,1.0625
1552071600,1.0625
1552075200,1.0625
1552078800,1.05
1552082400,1.05
1552086000,1.05
1552089600,1.05
1552093200,1.05
1552096800,1.05
1552100400,1.0375
1552104000,1.0375
1552107600,1.0375
1552111200,1.0375
1552114800,1.0375
1552118400,1.025
1552122000,1.025
1552125600,1.025
1552129200,1.025
1552132800,1.025
1552136400,1.025
1552140000,1.025
1552143600,1.025
1552147200,1.0125
1552150800,1.0125
1552154400,1.0125
1552158000,1.0125
1552161600,1.0125
1552165200,1.0125
1552168800,1.0125
1552172400,1.0125
1552176000,1.0125
1552179600,1.0125
1552183200,1.0125
1552186800,1.0125
1552190400,1
1552194000,1
1552197600,1
1552201200,1.0125
1552204800,1.0125
1552208400,1.0125
1552212000,1.0125
1552215600,1.0125
1552219200,1
1552222800,1.0125
1552226400,1.0125
1552230000,1.0125
1552233600,1.0125
1552237200,1.0125
1552240800,1.0125
1552244400,1.025
1552248000,1.025
1552251600,1.025
1552255200,1.025
1552258800,1.025
1552262400,1.025
1552266000,1.025
1552269600,1.0375
1552273200,1.0375
1552276800,1.0375
1552280400,1.0375
1552284000,1.0375
1552287600,1.0375
1552291200,1.0375
1552294800,1.05
1552298400,1.05
1552302000,1.0375
1552305600,1.05
1552309200,1.05
1552312800,1.05
