Month,#Passengers
1949-01-01,29.625
1949-02-01,29.75
1949-03-01,29.75
1949-04-01,29.75
1949-05-01,29.75
1949-06-01,29.875
1949-07-01,29.875
1949-08-01,29.875
1949-09-01,30
1949-10-01,30
1949-11-01,30.125
1949-12-01,30.25
1950-01-01,30.25
1950-02-01,30.375
1950-03-01,30.5
1950-04-01,30.625
1950-05-01,30.75
1950-06-01,31
1950-07-01,31.125
1950-08-01,31.25
1950-09-01,31.5
1950-10-01,31.75
1950-11-01,32
1950-12-01,32.25
1951-01-01,32.625
1951-02-01,32.875
1951-03-01,33.25
1951-04-01,33.625
1951-05-01,34
1951-06-01,34.375
1951-07-01,34.75
1951-08-01,35.25
1951-09-01,35.75
1951-10-01,36.25
1951-11-01,36.75
1951-12-01,37.5
1952-01-01,38
1952-02-01,38.625
1952-03-01,39.25
1952-04-01,40
1952-05-01,40.625
1952-06-01,41.375
1952-07-01,42
1952-08-01,42.875
1952-09-01,43.625
1952-10-01,44.375
1952-11-01,45.25
1952-12-01,46
1953-01-01,46.875
1953-02-01,47.75
1953-03-01,48.625
1953-04-01,48.875
1953-05-01,50.75
1953-06-01,51.25
1953-07-01,52.125
1953-08-01,53
1953-09-01,53.625
1953-10-01,54.5
1953-11-01,55.375
1953-12-01,56.125
1954-01-01,56.875
1954-02-01,57.5
1954-03-01,58.375
1954-04-01,59
1954-05-01,59.625
1954-06-01,60.25
1954-07-01,61
1954-08-01,61.625
1954-09-01,62.25
1954-10-01,62.75
1954-11-01,63.375
1954-12-01,63.75
1955-01-01,64.375
1955-02-01,64.875
1955-03-01,65.125
1955-04-01,65.75
1955-05-01,66
1955-06-01,66.375
1955-07-01,66.75
1955-08-01,67
1955-09-01,67.5
1955-10-01,67.5
1955-11-01,67.875
1955-12-01,68.25
1956-01-01,68.5
1956-02-01,68.625
1956-03-01,68.75
1956-04-01,68.875
1956-05-01,68.875
1956-06-01,69.125
1956-07-01,69.375
1956-08-01,69.25
1956-09-01,69.375
1956-10-01,69.375
1956-11-01,69.75
1956-12-01,69.5
1957-01-01,69.625
1957-02-01,69.625
1957-03-01,69.625
1957-04-01,69.75
1957-05-01,69.75
1957-06-01,69.75
1957-07-01,69.875
1957-08-01,69.75
1957-09-01,69.75
1957-10-01,69.875
1957-11-01,69.75
1957-12-01,69.75
1958-01-01,69.75
1958-02-01,69.75
1958-03-01,69.75
1958-04-01,69.625
1958-05-01,69.625
1958-06-01,69.5
1958-07-01,69.5
1958-08-01,69.5
1958-09-01,69.375
1958-10-01,69.5
1958-11-01,69.5
1958-12-01,69.125
1959-01-01,69
1959-02-01,69
1959-03-01,68.875
1959-04-01,68.625
1959-05-01,68.5
1959-06-01,68.25
1959-07-01,68
1959-08-01,68
1959-09-01,67.75
1959-10-01,67.375
1959-11-01,66.875
1959-12-01,66.75
1960-01-01,66.5
1960-02-01,66
1960-03-01,65.625
1960-04-01,65.25
1960-05-01,64.75
1960-06-01,64.375
1960-07-01,64
1960-08-01,63.375
1960-09-01,62.875
1960-10-01,62.5
1960-11-01,61.875
1960-12-01,61.25
1961-01-01,60.625
1961-02-01,60
1961-03-01,59.25
1961-04-01,58.625
1961-05-01,57.875
1961-06-01,57.125
1961-07-01,56.5
1961-08-01,55.75
1961-09-01,54.875
1961-10-01,54.25
1961-11-01,53.375
1961-12-01,52.625
1962-01-01,51.875
1962-02-01,51.125
1962-03-01,50.625
1962-04-01,49.125
1962-05-01,48.5
1962-06-01,47.625
1962-07-01,46.875
1962-08-01,46.125
1962-09-01,45.5
1962-10-01,44.625
1962-11-01,44
1962-12-01,43.125
1963-01-01,42.5
1963-02-01,41.875
1963-03-01,41.125
1963-04-01,40.5
1963-05-01,40
1963-06-01,39.25
1963-07-01,38.625
1963-08-01,38.125
1963-09-01,37.5
1963-10-01,37.125
1963-11-01,36.5
1963-12-01,36.125
1964-01-01,35.625
1964-02-01,35.25
1964-03-01,34.875
1964-04-01,34.5
1964-05-01,34.125
1964-06-01,33.875
1964-07-01,33.625
1964-08-01,33.25
1964-09-01,33
1964-10-01,32.75
1964-11-01,32.5
1964-12-01,32.25
1965-01-01,32.125
1965-02-01,31.875
1965-03-01,31.75
1965-04-01,31.625
1965-05-01,31.5
1965-06-01,31.375
1965-07-01,31.25
1965-08-01,31.125
1965-09-01,31
1965-10-01,31
1965-11-01,31
1965-12-01,31
1966-01-01,30.75
1966-02-01,30.75
1966-03-01,30.75
1966-04-01,30.75
1966-05-01,30.75
1966-06-01,30.75
1966-07-01,30.625
1966-08-01,30.75
1966-09-01,30.75
1966-10-01,30.75
1966-11-01,30.75
1966-12-01,30.75
1967-01-01,30.75
1967-02-01,30.875
1967-03-01,30.875
1967-04-01,30.875
1967-05-01,31.125
1967-06-01,31.25
1967-07-01,31.375
1967-08-01,31.5
1967-09-01,31.375
1967-10-01,31.5
1967-11-01,31.625
1967-12-01,31.875
1968-01-01,32
1968-02-01,32.25
1968-03-01,32.5
1968-04-01,32.75
1968-05-01,32.875
1968-06-01,33.125
1968-07-01,33.5
1968-08-01,33.75
1968-09-01,34
1968-10-01,34.25
1968-11-01,34.625
1968-12-01,35
1969-01-01,35.375
1969-02-01,35.75
1969-03-01,36.25
1969-04-01,36.75
1969-05-01,37.25
1969-06-01,37.875
1969-07-01,38.125
1969-08-01,38.75
1969-09-01,39.375
1969-10-01,40
1969-11-01,40.75
1969-12-01,41.125
1970-01-01,41.75
1970-02-01,42.5
1970-03-01,43.25
1970-04-01,43.875
1970-05-01,44.5
1970-06-01,45.375
1970-07-01,46.125
1970-08-01,46.75
1970-09-01,47.5
1970-10-01,48.125
1970-11-01,48.875
1970-12-01,49.375
1971-01-01,51
1971-02-01,51.375
1971-03-01,52.375
1971-04-01,53
1971-05-01,53.875
1971-06-01,54.625
1971-07-01,55.125
1971-08-01,56
1971-09-01,56.625
1971-10-01,57.125
1971-11-01,57.875
1971-12-01,58.625
1972-01-01,59.125
1972-02-01,59.875
1972-03-01,60.375
1972-04-01,61
1972-05-01,61.5
1972-06-01,62
1972-07-01,62.5
1972-08-01,63
1972-09-01,63.5
1972-10-01,63.875
1972-11-01,64.375
1972-12-01,64.875
1973-01-01,65
1973-02-01,65.5
1973-03-01,65.75
1973-04-01,66.125
1973-05-01,66.375
1973-06-01,66.75
1973-07-01,66.75
1973-08-01,67.25
1973-09-01,67.5
1973-10-01,67.625
1973-11-01,67.625
1973-12-01,68
1974-01-01,68.125
1974-02-01,68.25
1974-03-01,68.375
1974-04-01,68.375
1974-05-01,68.625
1974-06-01,68.75
1974-07-01,68.875
1974-08-01,68.875
1974-09-01,68.875
1974-10-01,69
1974-11-01,69
1974-12-01,69
1975-01-01,69.125
1975-02-01,69
1975-03-01,69.125
1975-04-01,69.125
1975-05-01,69
1975-06-01,68.875
1975-07-01,69.125
1975-08-01,68.875
1975-09-01,69
1975-10-01,68.875
1975-11-01,68.875
1975-12-01,68.75
1976-01-01,68.625
1976-02-01,68.625
1976-03-01,68.375
1976-04-01,68.375
1976-05-01,68.375
1976-06-01,68.25
1976-07-01,68.125
1976-08-01,67.875
1976-09-01,67.625
1976-10-01,67.625
1976-11-01,67.25
1976-12-01,67.125
1977-01-01,66.75
1977-02-01,66.5
1977-03-01,66.25
1977-04-01,66
1977-05-01,65.75
1977-06-01,65.375
1977-07-01,65.125
1977-08-01,64.625
1977-09-01,64.375
1977-10-01,63.75
1977-11-01,63.375
1977-12-01,63
1978-01-01,62.5
1978-02-01,61.875
1978-03-01,61.375
1978-04-01,60.875
1978-05-01,60.5
1978-06-01,59.875
1978-07-01,59.125
1978-08-01,58.75
1978-09-01,58
1978-10-01,57.375
1978-11-01,56.75
1978-12-01,56
1979-01-01,55.375
1979-02-01,54.625
1979-03-01,54
1979-04-01,53.25
1979-05-01,52.5
1979-06-01,51.625
1979-07-01,51.25
1979-08-01,50.75
1979-09-01,49.25
1979-10-01,49
1979-11-01,47.875
1979-12-01,47.25
1980-01-01,46.625
1980-02-01,45.875
1980-03-01,45.125
1980-04-01,44.5
1980-05-01,43.875
1980-06-01,43.25
1980-07-01,42.625
1980-08-01,42
1980-09-01,41.5
1980-10-01,40.875
1980-11-01,40.375
1980-12-01,39.75
1981-01-01,39.125
1981-02-01,38.75
1981-03-01,38.125
1981-04-01,37.75
1981-05-01,37.25
1981-06-01,36.75
1981-07-01,36.375
1981-08-01,36
1981-09-01,35.625
1981-10-01,35.375
1981-11-01,35
1981-12-01,34.75
1982-01-01,34.5
1982-02-01,34.125
1982-03-01,34
1982-04-01,33.75
1982-05-01,33.5
1982-06-01,33.375
1982-07-01,33.125
1982-08-01,32.875
1982-09-01,32.75
1982-10-01,32.625
1982-11-01,32.5
1982-12-01,32.375
1983-01-01,32.25
1983-02-01,32.125
1983-03-01,32.125
1983-04-01,32
1983-05-01,31.875
1983-06-01,31.875
1983-07-01,32
1983-08-01,31.875
1983-09-01,31.75
1983-10-01,31.875
1983-11-01,31.75
1983-12-01,31.875
1984-01-01,31.875
1984-02-01,31.75
1984-03-01,31.875
1984-04-01,31.875
1984-05-01,31.875
1984-06-01,32
1984-07-01,32.125
1984-08-01,32.375
1984-09-01,32.25
1984-10-01,32.375
1984-11-01,32.5
1984-12-01,32.625
1985-01-01,32.75
1985-02-01,32.875
1985-03-01,33
1985-04-01,33.25
1985-05-01,33.5
1985-06-01,33.625
1985-07-01,33.75
1985-08-01,34.125
1985-09-01,34.375
1985-10-01,34.625
1985-11-01,34.875
1985-12-01,35.125
1986-01-01,35.5
1986-02-01,35.875
1986-03-01,36.25
1986-04-01,36.625
1986-05-01,36.875
1986-06-01,37.375
1986-07-01,37.875
1986-08-01,38.375
1986-09-01,38.75
1986-10-01,39.375
1986-11-01,39.75
1986-12-01,40.5
1987-01-01,40.875
1987-02-01,41.5
1987-03-01,42
1987-04-01,42.625
1987-05-01,43.25
1987-06-01,43.875
1987-07-01,44.5
1987-08-01,45.25
1987-09-01,45.875
1987-10-01,46.375
1987-11-01,47.125
1987-12-01,47.75
1988-01-01,48.5
1988-02-01,49.125
1988-03-01,49.375
1988-04-01,51
1988-05-01,51.375
1988-06-01,52.25
1988-07-01,52.875
1988-08-01,53.375
1988-09-01,54
1988-10-01,54.75
1988-11-01,55.5
1988-12-01,56
1989-01-01,56.625
1989-02-01,57.25
1989-03-01,57.75
1989-04-01,58.375
1989-05-01,59
1989-06-01,59.5
1989-07-01,60
1989-08-01,60.5
1989-09-01,61.125
1989-10-01,61.5
1989-11-01,62
1989-12-01,62.5
1990-01-01,62.75
1990-02-01,63.125
1990-03-01,63.75
1990-04-01,64
1990-05-01,64.375
1990-06-01,64.75
1990-07-01,64.875
1990-08-01,65.25
1990-09-01,65.375
1990-10-01,65.625
1990-11-01,65.875
1990-12-01,66.125
1991-01-01,66.375
1991-02-01,66.75
1991-03-01,66.75
1991-04-01,66.875
1991-05-01,67
1991-06-01,67.375
1991-07-01,67.25
1991-08-01,67.5
1991-09-01,67.625
1991-10-01,67.75
1991-11-01,67.875
1991-12-01,67.875
1992-01-01,67.75
1992-02-01,68
1992-03-01,67.75
1992-04-01,67.875
1992-05-01,68
1992-06-01,68
1992-07-01,68
1992-08-01,67.875
1992-09-01,68
1992-10-01,67.875
1992-11-01,67.875
1992-12-01,67.625
1993-01-01,67.625
1993-02-01,67.5
1993-03-01,67.625
1993-04-01,67.5
1993-05-01,67.25
1993-06-01,67.25
1993-07-01,67
1993-08-01,67
1993-09-01,66.625
1993-10-01,66.375
1993-11-01,66.25
1993-12-01,66.125
1994-01-01,65.875
1994-02-01,65.5
1994-03-01,65.375
1994-04-01,65
1994-05-01,65
1994-06-01,64.5
1994-07-01,64.25
1994-08-01,63.875
1994-09-01,63.375
1994-10-01,63.125
1994-11-01,62.75
1994-12-01,62.25
1995-01-01,62
1995-02-01,61.375
1995-03-01,61.125
1995-04-01,60.625
1995-05-01,60.125
1995-06-01,59.5
1995-07-01,59
1995-08-01,58.375
1995-09-01,57.875
1995-10-01,57.375
1995-11-01,56.75
1995-12-01,56.125
1996-01-01,55.625
1996-02-01,55
1996-03-01,54.25
1996-04-01,53.625
1996-05-01,53.125
1996-06-01,52.5
1996-07-01,51.375
1996-08-01,51.125
1996-09-01,50.75
1996-10-01,49.25
1996-11-01,48.875
1996-12-01,48.125
1997-01-01,47.5
1997-02-01,46.875
1997-03-01,46.25
1997-04-01,45.75
1997-05-01,45.125
1997-06-01,44.375
1997-07-01,43.75
1997-08-01,43.25
1997-09-01,42.625
1997-10-01,42.125
1997-11-01,41.625
1997-12-01,41.125
1998-01-01,40.625
1998-02-01,40.375
1998-03-01,39.75
1998-04-01,39.25
1998-05-01,38.625
1998-06-01,38.25
1998-07-01,37.875
1998-08-01,37.625
1998-09-01,37.125
1998-10-01,36.75
1998-11-01,36.375
1998-12-01,36
1999-01-01,35.75
1999-02-01,35.625
1999-03-01,35.5
1999-04-01,35.125
1999-05-01,34.75
1999-06-01,34.5
1999-07-01,34.5
1999-08-01,34.25
1999-09-01,33.875
1999-10-01,34
1999-11-01,33.625
1999-12-01,33.625
2000-01-01,33.375
2000-02-01,33.25
2000-03-01,33.125
2000-04-01,33.125
2000-05-01,33
2000-06-01,32.875
2000-07-01,33
2000-08-01,32.75
2000-09-01,32.75
2000-10-01,33
2000-11-01,33
2000-12-01,33
2001-01-01,33
2001-02-01,32.75
2001-03-01,32.75
2001-04-01,33
2001-05-01,32.875
2001-06-01,33
2001-07-01,33
2001-08-01,33.125
2001-09-01,33.25
2001-10-01,33.375
2001-11-01,33.625
2001-12-01,33.625
2002-01-01,33.75
2002-02-01,33.875
2002-03-01,34.125
2002-04-01,34.25
2002-05-01,34.5
2002-06-01,34.75
2002-07-01,34.875
2002-08-01,35.125
2002-09-01,35.375
2002-10-01,35.875
2002-11-01,36
2002-12-01,36.25
2003-01-01,36.625
2003-02-01,37
2003-03-01,37.5
2003-04-01,37.75
2003-05-01,38.125
2003-06-01,38.75
2003-07-01,39.125
2003-08-01,39.5
2003-09-01,39.875
2003-10-01,40.5
2003-11-01,40.875
2003-12-01,41.375
2004-01-01,41.875
2004-02-01,42.5
2004-03-01,43
2004-04-01,43.5
2004-05-01,44.125
2004-06-01,44.625
2004-07-01,45.25
2004-08-01,45.75
2004-09-01,46.5
2004-10-01,47
2004-11-01,47.625
2004-12-01,48.25
2005-01-01,49
2005-02-01,49.25
2005-03-01,50.75
2005-04-01,51.125
2005-05-01,51.375
2005-06-01,52.375
2005-07-01,53
2005-08-01,53.375
2005-09-01,54
2005-10-01,54.5
2005-11-01,55.375
2005-12-01,55.875
2006-01-01,56.5
2006-02-01,57
2006-03-01,57.625
2006-04-01,57.875
2006-05-01,58.375
2006-06-01,58.875
2006-07-01,59.25
2006-08-01,59.75
2006-09-01,60.375
2006-10-01,60.875
2006-11-01,61.25
2006-12-01,61.5
2007-01-01,61.875
2007-02-01,62.375
2007-03-01,62.625
2007-04-01,63
2007-05-01,63.25
2007-06-01,63.5
2007-07-01,63.875
2007-08-01,64.25
2007-09-01,64.5
2007-10-01,64.625
2007-11-01,64.75
2007-12-01,64.875
2008-01-01,65.25
2008-02-01,65.25
2008-03-01,65.625
2008-04-01,65.625
2008-05-01,65.75
2008-06-01,66.125
2008-07-01,66.25
2008-08-01,66.375
2008-09-01,66.375
2008-10-01,66.5
2008-11-01,66.375
2008-12-01,66.625
2009-01-01,66.375
2009-02-01,66.5
2009-03-01,66.75
2009-04-01,66.625
2009-05-01,66.5
2009-06-01,66.75
2009-07-01,66.5
2009-08-01,66.375
2009-09-01,66.625
2009-10-01,66.375
2009-11-01,66.25
2009-12-01,66.5
2010-01-01,66.125
2010-02-01,66
2010-03-01,66.25
2010-04-01,65.75
2010-05-01,65.625
2010-06-01,65.5
2010-07-01,65.5
2010-08-01,65.375
2010-09-01,65
2010-10-01,65
2010-11-01,64.75
2010-12-01,64.25
2011-01-01,64
2011-02-01,63.875
2011-03-01,63.5
2011-04-01,63.25
2011-05-01,63
2011-06-01,62.75
2011-07-01,62.625
2011-08-01,62.125
2011-09-01,61.75
2011-10-01,61.5
2011-11-01,61
2011-12-01,60.625
2012-01-01,60.25
2012-02-01,59.75
2012-03-01,59.125
2012-04-01,58.625
2012-05-01,58.125
2012-06-01,57.875
2012-07-01,57.125
2012-08-01,56.5
2012-09-01,56.125
2012-10-01,55.5
2012-11-01,55.25
2012-12-01,54.625
2013-01-01,54
2013-02-01,53.25
2013-03-01,52.875
2013-04-01,52.375
2013-05-01,51.25
2013-06-01,51.125
2013-07-01,50.75
2013-08-01,49.25
2013-09-01,49
2013-10-01,48.375
2013-11-01,47.75
2013-12-01,47.25
2014-01-01,46.625
2014-02-01,46.125
2014-03-01,45.5
2014-04-01,45
2014-05-01,44.375
2014-06-01,43.875
2014-07-01,43.375
2014-08-01,42.875
2014-09-01,42.25
2014-10-01,41.875
2014-11-01,41.375
2014-12-01,41
2015-01-01,40.625
2015-02-01,40
2015-03-01,39.625
2015-04-01,39.25
2015-05-01,38.875
2015-06-01,38.5
2015-07-01,38.125
2015-08-01,38
2015-09-01,37.625
2015-10-01,37.25
2015-11-01,36.875
2015-12-01,36.625
2016-01-01,36.25
2016-02-01,36.125
2016-03-01,35.875
2016-04-01,35.625
2016-05-01,35.625
2016-06-01,35.25
2016-07-01,35.125
2016-08-01,34.875
2016-09-01,34.75
2016-10-01,34.625
2016-11-01,34.5
2016-12-01,34.375
2017-01-01,34.25
2017-02-01,34.25
2017-03-01,34.375
2017-04-01,34.125
2017-05-01,34
2017-06-01,34
2017-07-01,34
2017-08-01,34.125
2017-09-01,34.125
2017-10-01,34.125
2017-11-01,34
2017-12-01,34
2018-01-01,34
2018-02-01,34.125
2018-03-01,34.25
2018-04-01,34.25
2018-05-01,34.25
2018-06-01,34.375
2018-07-01,34.5
2018-08-01,34.625
2018-09-01,34.75
2018-10-01,34.875
2018-11-01,35.25
2018-12-01,35.25
2019-01-01,35.625
2019-02-01,35.625
2019-03-01,35.875
2019-04-01,36
2019-05-01,36.25
2019-06-01,36.5
2019-07-01,36.875
2019-08-01,37.125
2019-09-01,37.5
2019-10-01,37.75
2019-11-01,38
2019-12-01,38.375
2020-01-01,38.75
2020-02-01,39.25
2020-03-01,39.75
2020-04-01,40
2020-05-01,40.375
2020-06-01,40.75
2020-07-01,41.375
2020-08-01,41.625
2020-09-01,42.125
2020-10-01,42.625
2020-11-01,43.125
2020-12-01,43.625
2021-01-01,44.125
2021-02-01,44.625
2021-03-01,45.25
2021-04-01,45.75
2021-05-01,46.25
2021-06-01,46.875
2021-07-01,47.375
2021-08-01,47.875
2021-09-01,48.875
2021-10-01,49
2021-11-01,49.25
2021-12-01,50.75
2022-01-01,51.125
2022-02-01,51.25
2022-03-01,52.25
2022-04-01,52.625
2022-05-01,53.375
2022-06-01,53.875
2022-07-01,54.375
2022-08-01,55
2022-09-01,55.5
2022-10-01,56
2022-11-01,56.25
2022-12-01,56.75
2023-01-01,57.375
2023-02-01,57.625
2023-03-01,58.25
2023-04-01,58.625
2023-05-01,59.25
2023-06-01,59.375
2023-07-01,59.75
2023-08-01,60.5
2023-09-01,60.5
2023-10-01,60.875
2023-11-01,61.5
2023-12-01,61.875
2024-01-01,62
2024-02-01,62.25
2024-03-01,62.75
2024-04-01,62.875
2024-05-01,63
2024-06-01,63.25
2024-07-01,63.375
2024-08-01,63.625
2024-09-01,64
2024-10-01,64.25
2024-11-01,64.125
2024-12-01,64.375
2025-01-01,64.5
2025-02-01,64.625
2025-03-01,64.75
2025-04-01,65
2025-05-01,64.875
2025-06-01,65.375
2025-07-01,65.125
2025-08-01,65.125
2025-09-01,65.25
2025-10-01,65.375
2025-11-01,65.25
2025-12-01,65.25
2026-01-01,65.25
2026-02-01,65.25
2026-03-01,65.5
2026-04-01,65.25
2026-05-01,65.125
2026-06-01,65.375
2026-07-01,65
2026-08-01,65.25
2026-09-01,65.25
2026-10-01,64.75
2026-11-01,64.625
2026-12-01,64.5
2027-01-01,64.375
2027-02-01,64.25
2027-03-01,64.375
2027-04-01,64
2027-05-01,63.75
2027-06-01,63.75
2027-07-01,63.375
2027-08-01,63.25
2027-09-01,62.875
2027-10-01,62.75
2027-11-01,62.625
2027-12-01,62.375
2028-01-01,61.875
2028-02-01,61.75
2028-03-01,61.5
2028-04-01,60.875
2028-05-01,60.5
2028-06-01,60.375
2028-07-01,59.875
2028-08-01,59.375
2028-09-01,59.25
2028-10-01,58.625
2028-11-01,58.5
2028-12-01,57.75
2029-01-01,57.625
2029-02-01,57
2029-03-01,56.375
2029-04-01,55.875
2029-05-01,55.625
2029-06-01,55.125
2029-07-01,54.625
2029-08-01,53.875
2029-09-01,53.375
2029-10-01,53.125
2029-11-01,52.5
2029-12-01,51.75
2030-01-01,51.25
2030-02-01,51
2030-03-01,50.75
2030-04-01,49.25
2030-05-01,48.875
2030-06-01,48.875
2030-07-01,47.875
2030-08-01,47.375
2030-09-01,46.875
2030-10-01,46.375
2030-11-01,45.875
2030-12-01,45.375
2031-01-01,44.875
2031-02-01,44.375
2031-03-01,43.875
2031-04-01,43.5
2031-05-01,43.125
2031-06-01,42.5
2031-07-01,42.125
2031-08-01,41.875
2031-09-01,41.375
2031-10-01,41
2031-11-01,40.75
2031-12-01,40.5
2032-01-01,40
2032-02-01,39.75
2032-03-01,39.375
2032-04-01,39
2032-05-01,38.5
2032-06-01,38.375
2032-07-01,38.125
2032-08-01,37.75
2032-09-01,37.625
2032-10-01,37.25
2032-11-01,37
2032-12-01,36.875
2033-01-01,36.75
2033-02-01,36.625
2033-03-01,36.375
2033-04-01,36.125
2033-05-01,36
2033-06-01,35.875
2033-07-01,36.125
2033-08-01,36
2033-09-01,35.625
2033-10-01,35.875
2033-11-01,35.625
2033-12-01,35.375
2034-01-01,35.625
2034-02-01,35.375
2034-03-01,35.375
2034-04-01,35.625
2034-05-01,35.375
2034-06-01,35.5
2034-07-01,35.5
2034-08-01,35.75
2034-09-01,35.75
2034-10-01,35.75
2034-11-01,35.875
2034-12-01,36
2035-01-01,36
2035-02-01,36
2035-03-01,36
2035-04-01,36.375
2035-05-01,36.375
2035-06-01,36.5
2035-07-01,36.625
2035-08-01,36.75
2035-09-01,37.125
2035-10-01,37.25
2035-11-01,37.5
2035-12-01,37.75
2036-01-01,38
2036-02-01,38.25
2036-03-01,38.625
2036-04-01,38.75
2036-05-01,39.25
2036-06-01,39.375
2036-07-01,39.875
2036-08-01,40.125
2036-09-01,40.375
2036-10-01,40.875
2036-11-01,41.125
2036-12-01,41.625
2037-01-01,41.875
2037-02-01,42.25
2037-03-01,42.875
2037-04-01,43.125
2037-05-01,43.5
2037-06-01,44
2037-07-01,44.375
2037-08-01,44.875
2037-09-01,45.375
2037-10-01,45.875
2037-11-01,46.25
2037-12-01,46.75
2038-01-01,47.25
2038-02-01,47.75
2038-03-01,48.25
2038-04-01,49
2038-05-01,49.125
2038-06-01,49.375
2038-07-01,50.875
2038-08-01,51.25
2038-09-01,51.5
2038-10-01,52.125
2038-11-01,52.75
2038-12-01,53.25
2039-01-01,53.75
2039-02-01,54.25
2039-03-01,54.625
2039-04-01,55.125
2039-05-01,55.625
2039-06-01,56.125
2039-07-01,56.5
2039-08-01,56.875
2039-09-01,57.375
2039-10-01,57.875
2039-11-01,58.25
2039-12-01,58.5
2040-01-01,58.875
2040-02-01,59.375
2040-03-01,59.75
2040-04-01,60
2040-05-01,60.5
2040-06-01,60.625
2040-07-01,61
2040-08-01,61.25
2040-09-01,61.625
2040-10-01,61.875
2040-11-01,62
2040-12-01,62.375
2041-01-01,62.5
2041-02-01,62.75
2041-03-01,62.875
2041-04-01,63.125
2041-05-01,63.375
2041-06-01,63.5
2041-07-01,63.5
2041-08-01,63.625
2041-09-01,63.875
2041-10-01,64.125
2041-11-01,64
2041-12-01,64.25
2042-01-01,64.125
2042-02-01,64.375
2042-03-01,64.375
2042-04-01,64.375
2042-05-01,64.5
2042-06-01,64.5
2042-07-01,64.5
2042-08-01,64.5
2042-09-01,64.5
2042-10-01,64.5
2042-11-01,64.375
2042-12-01,64.375
2043-01-01,64.375
2043-02-01,64.25
2043-03-01,64.25
2043-04-01,64.125
2043-05-01,63.875
2043-06-01,63.75
2043-07-01,63.75
2043-08-01,63.5
2043-09-01,63.375
2043-10-01,63.25
2043-11-01,63
2043-12-01,62.875
2044-01-01,62.625
2044-02-01,62.5
2044-03-01,62.25
2044-04-01,62.125
2044-05-01,61.75
2044-06-01,61.5
2044-07-01,61.25
2044-08-01,60.875
2044-09-01,60.625
2044-10-01,60.375
2044-11-01,60
2044-12-01,59.625
2045-01-01,59.375
2045-02-01,59
2045-03-01,58.625
2045-04-01,58.25
2045-05-01,57.75
2045-06-01,57.375
2045-07-01,56.875
2045-08-01,56.5
2045-09-01,56.125
2045-10-01,55.625
2045-11-01,55.125
2045-12-01,54.75
2046-01-01,54.25
2046-02-01,53.875
2046-03-01,53.375
2046-04-01,52.875
2046-05-01,52.375
2046-06-01,51.625
2046-07-01,51.375
2046-08-01,51.125
2046-09-01,50.75
2046-10-01,49.25
2046-11-01,49
2046-12-01,49
2047-01-01,48.125
2047-02-01,47.625
2047-03-01,47.125
2047-04-01,46.75
2047-05-01,46.25
2047-06-01,45.75
2047-07-01,45.375
2047-08-01,45
2047-09-01,44.5
2047-10-01,44.125
2047-11-01,43.75
2047-12-01,43.375
2048-01-01,43
2048-02-01,42.625
2048-03-01,42.25
2048-04-01,42
2048-05-01,41.5
2048-06-01,41.25
2048-07-01,41
2048-08-01,40.625
2048-09-01,40.375
2048-10-01,40.125
2048-11-01,39.75
2048-12-01,39.5
2049-01-01,39.375
2049-02-01,39
2049-03-01,38.75
2049-04-01,38.625
2049-05-01,38.375
2049-06-01,38.125
2049-07-01,38
2049-08-01,37.875
2049-09-01,37.625
2049-10-01,37.5
2049-11-01,37.375
2049-12-01,37.25
2050-01-01,37.125
2050-02-01,37.125
2050-03-01,37.125
2050-04-01,37
2050-05-01,36.875
2050-06-01,36.875
2050-07-01,36.875
2050-08-01,36.875
2050-09-01,36.75
2050-10-01,36.75
2050-11-01,36.75
2050-12-01,36.75
2051-01-01,36.875
2051-02-01,36.75
2051-03-01,37
2051-04-01,37
2051-05-01,37.125
2051-06-01,37
2051-07-01,37.25
2051-08-01,37.375
2051-09-01,37.375
2051-10-01,37.625
2051-11-01,37.75
2051-12-01,37.875
2052-01-01,38
2052-02-01,38.25
2052-03-01,38.375
2052-04-01,38.625
2052-05-01,38.875
2052-06-01,39.125
2052-07-01,39.375
2052-08-01,39.5
2052-09-01,39.875
2052-10-01,40.125
2052-11-01,40.375
2052-12-01,40.75
2053-01-01,41
2053-02-01,41.25
2053-03-01,41.625
2053-04-01,41.875
2053-05-01,42.25
2053-06-01,42.625
2053-07-01,43
2053-08-01,43.375
2053-09-01,43.75
2053-10-01,44.125
2053-11-01,44.5
2053-12-01,44.875
2054-01-01,45.375
2054-02-01,45.75
2054-03-01,46.125
2054-04-01,47
2054-05-01,47
2054-06-01,47.375
2054-07-01,47.875
2054-08-01,48.75
2054-09-01,49.125
2054-10-01,49.125
2054-11-01,49.375
2054-12-01,50.75
2055-01-01,51.25
2055-02-01,51.375
2055-03-01,51.875
2055-04-01,52.5
2055-05-01,53
2055-06-01,53.375
2055-07-01,53.75
2055-08-01,54.125
2055-09-01,54.625
2055-10-01,55.125
2055-11-01,55.5
2055-12-01,56
2056-01-01,56.375
2056-02-01,56.75
2056-03-01,57.125
2056-04-01,57.5
2056-05-01,57.875
2056-06-01,58.25
2056-07-01,58.5
2056-08-01,58.875
2056-09-01,59.25
2056-10-01,59.5
2056-11-01,59.875
2056-12-01,60.125
2057-01-01,60.375
2057-02-01,60.625
2057-03-01,60.875
2057-04-01,61.125
2057-05-01,61.375
2057-06-01,61.5
2057-07-01,61.75
2057-08-01,62
2057-09-01,62.125
2057-10-01,62.25
2057-11-01,62.375
2057-12-01,62.625
2058-01-01,62.625
2058-02-01,62.875
2058-03-01,63
2058-04-01,63
2058-05-01,63.125
2058-06-01,63.25
2058-07-01,63.25
2058-08-01,63.375
2058-09-01,63.375
2058-10-01,63.375
2058-11-01,63.25
2058-12-01,63.25
2059-01-01,63.25
2059-02-01,63.375
2059-03-01,63.375
2059-04-01,63.375
2059-05-01,63.25
2059-06-01,63.25
2059-07-01,63.125
2059-08-01,63
2059-09-01,63
2059-10-01,62.875
2059-11-01,62.75
2059-12-01,62.625
2060-01-01,62.5
2060-02-01,62.375
2060-03-01,62.125
2060-04-01,62
2060-05-01,61.875
2060-06-01,61.625
2060-07-01,61.375
2060-08-01,61.25
2060-09-01,61
2060-10-01,60.75
2060-11-01,60.5
2060-12-01,60.25
2061-01-01,60
2061-02-01,59.625
2061-03-01,59.375
2061-04-01,59.125
2061-05-01,58.75
2061-06-01,58.375
2061-07-01,58.125
2061-08-01,57.75
2061-09-01,57.375
2061-10-01,57
2061-11-01,56.625
2061-12-01,56.25
2062-01-01,55.875
2062-02-01,55.5
2062-03-01,55
2062-04-01,54.625
2062-05-01,54.25
2062-06-01,53.75
2062-07-01,53.25
2062-08-01,52.875
2062-09-01,52.5
2062-10-01,51.875
2062-11-01,51.5
2062-12-01,51.25
2063-01-01,50.875
2063-02-01,50.625
2063-03-01,49.25
2063-04-01,49.125
2063-05-01,49
2063-06-01,48
2063-07-01,47.625
2063-08-01,47.25
2063-09-01,46.75
2063-10-01,46.875
2063-11-01,46
2063-12-01,45.625
2064-01-01,45.25
2064-02-01,44.875
2064-03-01,44.5
2064-04-01,44.125
2064-05-01,43.75
2064-06-01,43.375
2064-07-01,43.125
2064-08-01,42.75
2064-09-01,42.5
2064-10-01,42.25
2064-11-01,41.875
2064-12-01,41.625
2065-01-01,41.375
2065-02-01,41.125
2065-03-01,40.875
2065-04-01,40.625
2065-05-01,40.375
2065-06-01,40.125
2065-07-01,39.875
2065-08-01,39.75
2065-09-01,39.5
2065-10-01,39.375
2065-11-01,39.25
2065-12-01,39
2066-01-01,38.875
2066-02-01,38.75
2066-03-01,38.5
2066-04-01,38.375
2066-05-01,38.375
2066-06-01,38.25
2066-07-01,38.125
2066-08-01,38
2066-09-01,38
2066-10-01,38
2066-11-01,37.875
2066-12-01,37.875
2067-01-01,37.875
2067-02-01,37.875
2067-03-01,37.875
2067-04-01,37.875
2067-05-01,37.875
2067-06-01,38
2067-07-01,38
2067-08-01,38
2067-09-01,38.125
2067-10-01,38.25
2067-11-01,38.375
2067-12-01,38.375
2068-01-01,38.625
2068-02-01,38.625
2068-03-01,38.75
2068-04-01,39
2068-05-01,39.125
2068-06-01,39.25
2068-07-01,39.5
2068-08-01,39.625
2068-09-01,39.875
2068-10-01,40
2068-11-01,40.25
2068-12-01,40.5
2069-01-01,40.75
2069-02-01,41
2069-03-01,41.25
2069-04-01,41.625
2069-05-01,41.875
2069-06-01,42.125
2069-07-01,42.375
2069-08-01,42.75
2069-09-01,43
2069-10-01,43.25
2069-11-01,43.625
2069-12-01,44
2070-01-01,44.25
2070-02-01,44.625
2070-03-01,45
2070-04-01,45.375
2070-05-01,45.75
2070-06-01,46.125
2070-07-01,46.5
2070-08-01,46.875
2070-09-01,47.375
2070-10-01,47.625
2070-11-01,48.125
2070-12-01,49
2071-01-01,49.125
2071-02-01,49.25
2071-03-01,50.625
2071-04-01,50.875
2071-05-01,51.25
2071-06-01,51.5
2071-07-01,51.75
2071-08-01,52.375
2071-09-01,52.75
2071-10-01,53.125
2071-11-01,53.5
2071-12-01,53.875
2072-01-01,54.375
2072-02-01,54.75
2072-03-01,55.125
2072-04-01,55.5
2072-05-01,55.75
2072-06-01,56.25
2072-07-01,56.5
2072-08-01,56.875
2072-09-01,57.25
2072-10-01,57.5
2072-11-01,57.875
2072-12-01,58.25
2073-01-01,58.5
2073-02-01,58.75
2073-03-01,59
2073-04-01,59.375
2073-05-01,59.625
2073-06-01,59.875
2073-07-01,60
2073-08-01,60.25
2073-09-01,60.5
2073-10-01,60.625
2073-11-01,60.875
2073-12-01,61
2074-01-01,61.125
2074-02-01,61.375
2074-03-01,61.5
2074-04-01,61.625
2074-05-01,61.75
2074-06-01,61.875
2074-07-01,62
2074-08-01,62.125
2074-09-01,62.125
2074-10-01,62.125
2074-11-01,62.25
2074-12-01,62.25
2075-01-01,62.375
2075-02-01,62.25
2075-03-01,62.375
2075-04-01,62.375
2075-05-01,62.25
2075-06-01,62.375
2075-07-01,62.25
2075-08-01,62.375
2075-09-01,62.25
2075-10-01,62.125
2075-11-01,62.125
2075-12-01,62
2076-01-01,62
2076-02-01,61.75
2076-03-01,61.75
2076-04-01,61.5
2076-05-01,61.375
2076-06-01,61.25
2076-07-01,61.125
2076-08-01,61
2076-09-01,60.75
2076-10-01,60.625
2076-11-01,60.375
2076-12-01,60.25
2077-01-01,60
2077-02-01,59.75
2077-03-01,59.5
2077-04-01,59.25
2077-05-01,59
2077-06-01,58.75
2077-07-01,58.5
2077-08-01,58.125
2077-09-01,57.875
2077-10-01,57.625
2077-11-01,57.25
2077-12-01,56.875
2078-01-01,56.5
2078-02-01,56.25
2078-03-01,55.875
2078-04-01,55.5
2078-05-01,55.125
2078-06-01,54.75
2078-07-01,54.375
2078-08-01,54
2078-09-01,53.625
2078-10-01,53.25
2078-11-01,52.875
2078-12-01,52.375
2079-01-01,52
2079-02-01,51.625
2079-03-01,51.375
2079-04-01,51
2079-05-01,50.75
2079-06-01,49.375
2079-07-01,49.125
2079-08-01,49.125
2079-09-01,48.875
2079-10-01,48
2079-11-01,47.625
2079-12-01,47.25
2080-01-01,46.875
2080-02-01,46.5
2080-03-01,46.125
2080-04-01,45.75
2080-05-01,45.5
2080-06-01,45.125
2080-07-01,44.75
2080-08-01,44.5
2080-09-01,44.125
2080-10-01,43.875
2080-11-01,43.5
2080-12-01,43.25
2081-01-01,43
2081-02-01,42.625
2081-03-01,42.375
2081-04-01,42.25
2081-05-01,42
2081-06-01,41.75
2081-07-01,41.5
2081-08-01,41.25
2081-09-01,41.125
2081-10-01,40.875
2081-11-01,40.625
2081-12-01,40.5
2082-01-01,40.375
2082-02-01,40.25
2082-03-01,40
2082-04-01,39.875
2082-05-01,39.75
2082-06-01,39.625
2082-07-01,39.5
2082-08-01,39.375
2082-09-01,39.375
2082-10-01,39.25
2082-11-01,39.25
2082-12-01,39.125
2083-01-01,39
2083-02-01,39
2083-03-01,39
2083-04-01,39
2083-05-01,39
2083-06-01,39
2083-07-01,39
2083-08-01,38.875
2083-09-01,39
2083-10-01,39
2083-11-01,39.125
2083-12-01,39.125
2084-01-01,39.25
2084-02-01,39.375
2084-03-01,39.375
2084-04-01,39.625
2084-05-01,39.625
2084-06-01,39.75
2084-07-01,40
2084-08-01,40
2084-09-01,40.25
2084-10-01,40.375
2084-11-01,40.625
2084-12-01,40.75
2085-01-01,40.875
2085-02-01,41.125
2085-03-01,41.375
2085-04-01,41.625
2085-05-01,41.75
2085-06-01,42
2085-07-01,42.25
2085-08-01,42.5
2085-09-01,42.75
2085-10-01,43
2085-11-01,43.25
2085-12-01,43.625
2086-01-01,43.875
2086-02-01,44.25
2086-03-01,44.5
2086-04-01,45.125
2086-05-01,45.125
2086-06-01,45.5
2086-07-01,45.75
2086-08-01,46.625
2086-09-01,46.5
2086-10-01,46.875
2086-11-01,47.5
2086-12-01,47.625
2087-01-01,47.875
2087-02-01,48.875
2087-03-01,49.125
2087-04-01,49.125
2087-05-01,49.25
2087-06-01,50.625
2087-07-01,50.875
2087-08-01,51.25
2087-09-01,51.5
2087-10-01,51.625
2087-11-01,52.125
2087-12-01,52.625
2088-01-01,52.875
2088-02-01,53.25
2088-03-01,53.75
2088-04-01,54
2088-05-01,54.375
2088-06-01,54.75
2088-07-01,55.125
2088-08-01,55.5
2088-09-01,55.75
2088-10-01,56.125
2088-11-01,56.375
2088-12-01,56.75
2089-01-01,57
2089-02-01,57.25
2089-03-01,57.625
2089-04-01,57.875
2089-05-01,58.125
2089-06-01,58.375
2089-07-01,58.5
2089-08-01,58.75
2089-09-01,59
2089-10-01,59.25
2089-11-01,59.5
2089-12-01,59.625
2090-01-01,59.875
2090-02-01,60
2090-03-01,60.125
2090-04-01,60.375
2090-05-01,60.5
2090-06-01,60.625
2090-07-01,60.75
2090-08-01,60.75
2090-09-01,61
2090-10-01,61
2090-11-01,61.125
2090-12-01,61.125
2091-01-01,61.25
2091-02-01,61.25
2091-03-01,61.375
2091-04-01,61.375
2091-05-01,61.375
2091-06-01,61.375
2091-07-01,61.375
2091-08-01,61.375
2091-09-01,61.375
2091-10-01,61.375
2091-11-01,61.25
2091-12-01,61.25
2092-01-01,61.125
2092-02-01,61.125
2092-03-01,61
2092-04-01,61
2092-05-01,60.75
2092-06-01,60.75
2092-07-01,60.625
2092-08-01,60.5
2092-09-01,60.375
2092-10-01,60.25
2092-11-01,60.125
2092-12-01,59.875
2093-01-01,59.625
2093-02-01,59.5
2093-03-01,59.25
2093-04-01,59.125
2093-05-01,58.875
2093-06-01,58.625
2093-07-01,58.375
2093-08-01,58.125
2093-09-01,57.875
2093-10-01,57.625
2093-11-01,57.375
2093-12-01,57.125
2094-01-01,56.75
2094-02-01,56.5
2094-03-01,56.125
2094-04-01,55.875
2094-05-01,55.5
2094-06-01,55.25
2094-07-01,54.875
2094-08-01,54.5
2094-09-01,54.125
2094-10-01,53.875
2094-11-01,53.5
2094-12-01,53.125
2095-01-01,52.875
2095-02-01,52.5
2095-03-01,52
2095-04-01,51.625
2095-05-01,51.5
2095-06-01,51.125
2095-07-01,50.875
2095-08-01,50.625
2095-09-01,49.25
2095-10-01,49.125
2095-11-01,49.125
2095-12-01,48.875
2096-01-01,48
2096-02-01,47.625
2096-03-01,47.375
2096-04-01,47
2096-05-01,47.125
2096-06-01,46.75
2096-07-01,46
2096-08-01,45.75
2096-09-01,45.375
2096-10-01,45.125
2096-11-01,44.75
2096-12-01,44.5
2097-01-01,44.25
2097-02-01,44
2097-03-01,43.75
2097-04-01,43.5
2097-05-01,43.25
2097-06-01,43
2097-07-01,42.75
2097-08-01,42.5
2097-09-01,42.25
2097-10-01,42.125
2097-11-01,41.875
2097-12-01,41.875
2098-01-01,41.5
2098-02-01,41.375
2098-03-01,41.25
2098-04-01,41.125
2098-05-01,40.875
2098-06-01,40.875
2098-07-01,40.625
2098-08-01,40.625
2098-09-01,40.375
2098-10-01,40.375
2098-11-01,40.25
2098-12-01,40.25
2099-01-01,40.125
2099-02-01,40
2099-03-01,40
2099-04-01,40
2099-05-01,40
2099-06-01,40
2099-07-01,40
2099-08-01,40
2099-09-01,40
2099-10-01,40
2099-11-01,40
2099-12-01,40
2100-01-01,40
2100-02-01,40.125
2100-03-01,40.125
2100-04-01,40.25
2100-05-01,40.375
2100-06-01,40.5
2100-07-01,40.625
2100-08-01,40.625
2100-09-01,40.875
2100-10-01,40.875
2100-11-01,41.125
2100-12-01,41.25
2101-01-01,41.375
2101-02-01,41.625
2101-03-01,41.75
2101-04-01,41.875
2101-05-01,42
2101-06-01,42.25
2101-07-01,42.5
2101-08-01,42.625
2101-09-01,42.875
2101-10-01,43.125
2101-11-01,43.375
2101-12-01,43.625
2102-01-01,43.875
2102-02-01,44.125
2102-03-01,44.375
2102-04-01,44.75
2102-05-01,45
2102-06-01,45.25
2102-07-01,45.5
2102-08-01,45.875
2102-09-01,46.625
2102-10-01,46.5
2102-11-01,46.75
2102-12-01,47.375
2103-01-01,47.5
2103-02-01,47.75
2103-03-01,48.125
2103-04-01,48.875
2103-05-01,49.125
2103-06-01,49.125
2103-07-01,49.25
2103-08-01,50.625
2103-09-01,50.875
2103-10-01,51.125
2103-11-01,51.375
2103-12-01,51.625
2104-01-01,51.875
2104-02-01,52.375
2104-03-01,52.75
2104-04-01,53
2104-05-01,53.25
2104-06-01,53.75
2104-07-01,54
2104-08-01,54.375
2104-09-01,54.625
2104-10-01,55
2104-11-01,55.25
2104-12-01,55.5
2105-01-01,55.75
2105-02-01,56.125
2105-03-01,56.375
2105-04-01,56.625
2105-05-01,56.875
2105-06-01,57.25
2105-07-01,57.375
2105-08-01,57.625
2105-09-01,57.875
2105-10-01,58.125
2105-11-01,58.25
2105-12-01,58.5
2106-01-01,58.625
2106-02-01,58.75
2106-03-01,59
2106-04-01,59.125
2106-05-01,59.375
2106-06-01,59.5
2106-07-01,59.625
2106-08-01,59.75
2106-09-01,59.875
2106-10-01,59.875
2106-11-01,60.125
2106-12-01,60.125
2107-01-01,60.25
2107-02-01,60.25
2107-03-01,60.25
2107-04-01,60.375
2107-05-01,60.375
2107-06-01,60.375
2107-07-01,60.5
2107-08-01,60.5
2107-09-01,60.5
2107-10-01,60.5
2107-11-01,60.375
2107-12-01,60.5
2108-01-01,60.375
2108-02-01,60.375
2108-03-01,60.25
2108-04-01,60.125
2108-05-01,60.125
2108-06-01,60
2108-07-01,59.875
2108-08-01,59.75
2108-09-01,59.75
2108-10-01,59.625
2108-11-01,59.5
2108-12-01,59.375
2109-01-01,59.125
2109-02-01,59
2109-03-01,58.75
2109-04-01,58.625
2109-05-01,58.5
2109-06-01,58.25
2109-07-01,58.125
2109-08-01,57.875
2109-09-01,57.625
2109-10-01,57.5
2109-11-01,57.25
2109-12-01,56.875
2110-01-01,56.75
2110-02-01,56.5
2110-03-01,56.125
2110-04-01,55.875
2110-05-01,55.625
2110-06-01,55.25
2110-07-01,55
2110-08-01,54.625
2110-09-01,54.375
2110-10-01,54.125
2110-11-01,53.875
2110-12-01,53.5
2111-01-01,53.125
2111-02-01,52.875
2111-03-01,52.5
2111-04-01,52.125
2111-05-01,51.625
2111-06-01,51.5
2111-07-01,51.375
2111-08-01,51
2111-09-01,50.75
2111-10-01,49.375
2111-11-01,49.25
2111-12-01,49.125
2112-01-01,49.125
2112-02-01,49
2112-03-01,48.125
2112-04-01,47.75
2112-05-01,47.5
2112-06-01,47.5
2112-07-01,46.875
2112-08-01,46.875
2112-09-01,46.75
2112-10-01,46
2112-11-01,45.75
2112-12-01,45.375
2113-01-01,45.25
2113-02-01,44.875
2113-03-01,44.625
2113-04-01,44.5
2113-05-01,44.125
2113-06-01,44
2113-07-01,43.75
2113-08-01,43.5
2113-09-01,43.375
2113-10-01,43.125
2113-11-01,42.875
2113-12-01,42.75
2114-01-01,42.625
2114-02-01,42.375
2114-03-01,42.25
2114-04-01,42.125
2114-05-01,41.875
2114-06-01,41.875
2114-07-01,41.625
2114-08-01,41.625
2114-09-01,41.5
2114-10-01,41.375
2114-11-01,41.25
2114-12-01,41.25
2115-01-01,41.125
2115-02-01,41.125
2115-03-01,41
2115-04-01,41
2115-05-01,41
2115-06-01,40.875
2115-07-01,40.875
2115-08-01,40.875
2115-09-01,40.875
2115-10-01,40.875
2115-11-01,40.875
2115-12-01,40.875
2116-01-01,41
2116-02-01,40.875
2116-03-01,40.875
2116-04-01,41
2116-05-01,41.125
2116-06-01,41.125
2116-07-01,41.25
2116-08-01,41.375
2116-09-01,41.375
2116-10-01,41.5
2116-11-01,41.625
2116-12-01,41.75
2117-01-01,41.875
2117-02-01,42.125
2117-03-01,42.125
2117-04-01,42.25
2117-05-01,42.5
2117-06-01,42.625
2117-07-01,42.875
2117-08-01,43
2117-09-01,43.25
2117-10-01,43.375
2117-11-01,43.625
2117-12-01,43.875
2118-01-01,44
2118-02-01,44.25
2118-03-01,44.5
2118-04-01,44.75
2118-05-01,45
2118-06-01,45.25
2118-07-01,45.5
2118-08-01,46.25
2118-09-01,46.125
2118-10-01,46.375
2118-11-01,47.125
2118-12-01,47.375
2119-01-01,47.5
2119-02-01,47.5
2119-03-01,47.75
2119-04-01,48.125
2119-05-01,49
2119-06-01,49.125
2119-07-01,49.25
2119-08-01,49.25
2119-09-01,49.375
2119-10-01,50.75
2119-11-01,51
2119-12-01,51.25
2120-01-01,51.5
2120-02-01,51.625
2120-03-01,51.875
2120-04-01,52.375
2120-05-01,52.75
2120-06-01,53
2120-07-01,53.25
2120-08-01,53.625
2120-09-01,53.875
2120-10-01,54.125
2120-11-01,54.375
2120-12-01,54.625
2121-01-01,55
2121-02-01,55.25
2121-03-01,55.5
2121-04-01,55.75
2121-05-01,56
2121-06-01,56.25
2121-07-01,56.5
2121-08-01,56.75
2121-09-01,56.875
2121-10-01,57.125
2121-11-01,57.25
2121-12-01,57.5
2122-01-01,57.625
2122-02-01,57.875
2122-03-01,58
2122-04-01,58.25
2122-05-01,58.375
2122-06-01,58.5
2122-07-01,58.625
2122-08-01,58.75
2122-09-01,58.875
2122-10-01,59
2122-11-01,59
2122-12-01,59.125
2123-01-01,59.25
2123-02-01,59.25
2123-03-01,59.375
2123-04-01,59.375
2123-05-01,59.5
2123-06-01,59.625
2123-07-01,59.625
2123-08-01,59.625
2123-09-01,59.625
2123-10-01,59.625
2123-11-01,59.625
2123-12-01,59.625
2124-01-01,59.625
2124-02-01,59.5
2124-03-01,59.5
2124-04-01,59.375
2124-05-01,59.25
2124-06-01,59.375
2124-07-01,59.25
2124-08-01,59.125
2124-09-01,59
2124-10-01,59
2124-11-01,58.875
2124-12-01,58.75
2125-01-01,58.5
2125-02-01,58.5
2125-03-01,58.25
2125-04-01,58.125
2125-05-01,58
2125-06-01,57.875
2125-07-01,57.625
2125-08-01,57.5
2125-09-01,57.25
2125-10-01,57
2125-11-01,56.875
2125-12-01,56.625
2126-01-01,56.375
2126-02-01,56.125
2126-03-01,56
2126-04-01,55.625
2126-05-01,55.5
2126-06-01,55.125
2126-07-01,55
2126-08-01,54.625
2126-09-01,54.375
2126-10-01,54
2126-11-01,53.875
2126-12-01,53.375
2127-01-01,53.25
2127-02-01,53
2127-03-01,52.625
2127-04-01,52.5
2127-05-01,52
2127-06-01,51.625
2127-07-01,51.5
2127-08-01,51.375
2127-09-01,51
2127-10-01,50.75
2127-11-01,50.625
2127-12-01,49.375
2128-01-01,49.125
2128-02-01,49.25
2128-03-01,49.125
2128-04-01,48.875
2128-05-01,48
2128-06-01,47.75
2128-07-01,47.5
2128-08-01,47.5
2128-09-01,47.375
2128-10-01,47.125
2128-11-01,46.875
2128-12-01,46.125
2129-01-01,45.875
2129-02-01,46.125
2129-03-01,45.375
2129-04-01,45.25
2129-05-01,45
2129-06-01,44.75
2129-07-01,44.5
2129-08-01,44.25
2129-09-01,44.125
2129-10-01,43.875
2129-11-01,43.75
2129-12-01,43.5
2130-01-01,43.375
2130-02-01,43.25
2130-03-01,43
2130-04-01,42.875
2130-05-01,42.75
2130-06-01,42.625
2130-07-01,42.5
2130-08-01,42.375
2130-09-01,42.25
2130-10-01,42.125
2130-11-01,42.125
2130-12-01,42
2131-01-01,41.875
2131-02-01,41.875
2131-03-01,41.875
2131-04-01,41.875
2131-05-01,41.75
2131-06-01,41.625
2131-07-01,41.625
2131-08-01,41.625
2131-09-01,41.625
2131-10-01,41.625
2131-11-01,41.625
2131-12-01,41.625
2132-01-01,41.625
2132-02-01,41.625
2132-03-01,41.75
2132-04-01,41.75
2132-05-01,41.75
2132-06-01,41.875
2132-07-01,41.875
2132-08-01,42
2132-09-01,42
2132-10-01,42.125
2132-11-01,42.25
2132-12-01,42.375
2133-01-01,42.5
2133-02-01,42.625
2133-03-01,42.75
2133-04-01,42.875
2133-05-01,43
2133-06-01,43.125
2133-07-01,43.375
2133-08-01,43.5
2133-09-01,43.625
2133-10-01,43.875
2133-11-01,44
2133-12-01,44.25
2134-01-01,44.375
2134-02-01,44.625
2134-03-01,44.875
2134-04-01,45
2134-05-01,45.25
2134-06-01,45.5
2134-07-01,45.75
2134-08-01,46
2134-09-01,46.25
2134-10-01,46.875
2134-11-01,47.125
2134-12-01,47
2135-01-01,47.25
2135-02-01,47.5
2135-03-01,47.75
2135-04-01,48
2135-05-01,48.75
2135-06-01,49.125
2135-07-01,49.25
2135-08-01,49.125
2135-09-01,49.25
2135-10-01,49.375
2135-11-01,50.75
2135-12-01,51
2136-01-01,51.25
2136-02-01,51.375
2136-03-01,51.5
2136-04-01,51.75
2136-05-01,52.125
2136-06-01,52.5
2136-07-01,52.75
2136-08-01,53
2136-09-01,53.25
2136-10-01,53.625
2136-11-01,53.875
2136-12-01,54
2137-01-01,54.375
2137-02-01,54.625
2137-03-01,54.875
2137-04-01,55
2137-05-01,55.25
2137-06-01,55.5
2137-07-01,55.75
2137-08-01,56
2137-09-01,56.125
2137-10-01,56.375
2137-11-01,56.5
2137-12-01,56.75
2138-01-01,56.875
2138-02-01,57.125
2138-03-01,57.25
2138-04-01,57.375
2138-05-01,57.5
2138-06-01,57.625
2138-07-01,57.875
2138-08-01,57.875
2138-09-01,58
2138-10-01,58.125
2138-11-01,58.25
2138-12-01,58.375
2139-01-01,58.5
2139-02-01,58.5
2139-03-01,58.5
2139-04-01,58.625
2139-05-01,58.75
2139-06-01,58.75
2139-07-01,58.75
2139-08-01,58.75
2139-09-01,58.75
2139-10-01,58.75
2139-11-01,58.75
2139-12-01,58.75
2140-01-01,58.75
2140-02-01,58.75
2140-03-01,58.75
2140-04-01,58.625
2140-05-01,58.625
2140-06-01,58.5
2140-07-01,58.5
2140-08-01,58.5
2140-09-01,58.375
2140-10-01,58.25
2140-11-01,58.125
2140-12-01,58
2141-01-01,57.875
2141-02-01,57.875
2141-03-01,57.625
2141-04-01,57.625
2141-05-01,57.375
2141-06-01,57.25
2141-07-01,57.125
2141-08-01,56.875
2141-09-01,56.75
2141-10-01,56.5
2141-11-01,56.375
2141-12-01,56.125
2142-01-01,56
2142-02-01,55.75
2142-03-01,55.625
2142-04-01,55.375
2142-05-01,55.125
2142-06-01,54.875
2142-07-01,54.625
2142-08-01,54.5
2142-09-01,54.125
2142-10-01,53.875
2142-11-01,53.75
2142-12-01,53.375
2143-01-01,53.125
2143-02-01,52.875
2143-03-01,52.625
2143-04-01,52.5
2143-05-01,52
2143-06-01,51.625
2143-07-01,51.5
2143-08-01,51.375
2143-09-01,51.125
2143-10-01,50.875
2143-11-01,50.75
2143-12-01,49.375
2144-01-01,49.25
2144-02-01,49.125
2144-03-01,49.25
2144-04-01,49.125
2144-05-01,49
2144-06-01,48.125
2144-07-01,47.875
2144-08-01,47.625
2144-09-01,47.375
2144-10-01,47.125
2144-11-01,46.875
2144-12-01,46.625
2145-01-01,46.875
2145-02-01,46.625
2145-03-01,46
2145-04-01,45.75
2145-05-01,45.5
2145-06-01,45.625
2145-07-01,45.125
2145-08-01,44.875
2145-09-01,44.75
2145-10-01,44.5
2145-11-01,44.375
2145-12-01,44.25
2146-01-01,44
2146-02-01,43.875
2146-03-01,43.75
2146-04-01,43.625
2146-05-01,43.5
2146-06-01,43.375
2146-07-01,43.25
2146-08-01,43.125
2146-09-01,43
2146-10-01,42.875
2146-11-01,42.875
2146-12-01,42.75
2147-01-01,42.625
2147-02-01,42.75
2147-03-01,42.5
2147-04-01,42.5
2147-05-01,42.375
2147-06-01,42.375
2147-07-01,42.5
2147-08-01,42.5
2147-09-01,42.375
2147-10-01,42.375
2147-11-01,42.25
2147-12-01,42.25
2148-01-01,42.25
2148-02-01,42.25
2148-03-01,42.375
2148-04-01,42.375
2148-05-01,42.5
2148-06-01,42.5
2148-07-01,42.75
2148-08-01,42.625
2148-09-01,42.625
2148-10-01,42.75
2148-11-01,42.875
2148-12-01,43
2149-01-01,43
2149-02-01,43.125
2149-03-01,43.25
2149-04-01,43.375
2149-05-01,43.5
2149-06-01,43.625
2149-07-01,43.75
2149-08-01,44
2149-09-01,44.125
2149-10-01,44.25
2149-11-01,44.375
2149-12-01,44.625
2150-01-01,44.75
2150-02-01,45
2150-03-01,45.125
2150-04-01,45.375
2150-05-01,45.5
2150-06-01,45.75
2150-07-01,46
2150-08-01,46.25
2150-09-01,46.875
2150-10-01,47.125
2150-11-01,46.875
2150-12-01,47.125
2151-01-01,47.375
2151-02-01,47.625
2151-03-01,47.875
2151-04-01,48.125
2151-05-01,48.875
2151-06-01,49.125
2151-07-01,49.125
2151-08-01,49.125
2151-09-01,49.125
2151-10-01,49.375
2151-11-01,50.75
2151-12-01,50.75
2152-01-01,51
2152-02-01,51.25
2152-03-01,51.375
2152-04-01,51.5
2152-05-01,51.75
2152-06-01,52.125
2152-07-01,52.5
2152-08-01,52.75
2152-09-01,52.875
2152-10-01,53
2152-11-01,53.375
2152-12-01,53.625
2153-01-01,53.875
2153-02-01,54
2153-03-01,54.375
2153-04-01,54.5
2153-05-01,54.625
2153-06-01,55
2153-07-01,55.125
2153-08-01,55.375
2153-09-01,55.625
2153-10-01,55.625
2153-11-01,55.875
2153-12-01,56
2154-01-01,56.25
2154-02-01,56.375
2154-03-01,56.5
2154-04-01,56.75
2154-05-01,56.875
2154-06-01,57
2154-07-01,57.125
2154-08-01,57.25
2154-09-01,57.25
2154-10-01,57.5
2154-11-01,57.5
2154-12-01,57.5
2155-01-01,57.625
2155-02-01,57.75
2155-03-01,57.875
2155-04-01,57.875
2155-05-01,57.875
2155-06-01,57.875
2155-07-01,58
2155-08-01,58
2155-09-01,58
2155-10-01,58
2155-11-01,58.125
2155-12-01,58
2156-01-01,58
2156-02-01,58
2156-03-01,58
2156-04-01,57.875
2156-05-01,57.875
2156-06-01,57.875
2156-07-01,57.875
2156-08-01,57.75
2156-09-01,57.625
2156-10-01,57.625
2156-11-01,57.5
2156-12-01,57.375
2157-01-01,57.25
2157-02-01,57.25
2157-03-01,57.125
2157-04-01,56.875
2157-05-01,56.875
2157-06-01,56.75
2157-07-01,56.5
2157-08-01,56.375
2157-09-01,56.25
2157-10-01,56
2157-11-01,55.875
2157-12-01,55.625
2158-01-01,55.5
2158-02-01,55.375
2158-03-01,55.125
2158-04-01,55
2158-05-01,54.75
2158-06-01,54.5
2158-07-01,54.375
2158-08-01,54.125
2158-09-01,53.875
2158-10-01,53.75
2158-11-01,53.375
2158-12-01,53.125
2159-01-01,53
2159-02-01,52.75
2159-03-01,52.625
2159-04-01,52.25
2159-05-01,51.875
2159-06-01,51.5
2159-07-01,51.5
2159-08-01,51.375
2159-09-01,51.25
2159-10-01,51
2159-11-01,50.75
2159-12-01,50.625
2160-01-01,49.375
2160-02-01,49.125
2160-03-01,49.125
2160-04-01,49.125
2160-05-01,49.125
2160-06-01,48.875
2160-07-01,48.125
2160-08-01,47.875
2160-09-01,47.625
2160-10-01,47.375
2160-11-01,47.5
2160-12-01,47
2161-01-01,46.75
2161-02-01,47
2161-03-01,46.375
2161-04-01,46.625
2161-05-01,46
2161-06-01,45.75
2161-07-01,45.625
2161-08-01,45.375
2161-09-01,45.25
2161-10-01,45.125
2161-11-01,44.875
2161-12-01,44.75
2162-01-01,44.625
2162-02-01,44.5
2162-03-01,44.375
2162-04-01,44.125
2162-05-01,44
2162-06-01,44
2162-07-01,43.875
2162-08-01,43.75
2162-09-01,43.625
2162-10-01,43.5
2162-11-01,43.5
2162-12-01,43.375
2163-01-01,43.25
2163-02-01,43.25
2163-03-01,43.125
2163-04-01,43.125
2163-05-01,43.125
2163-06-01,43
2163-07-01,43
2163-08-01,43
2163-09-01,43
2163-10-01,43
2163-11-01,43
2163-12-01,43
2164-01-01,43
2164-02-01,43
2164-03-01,43
2164-04-01,43
2164-05-01,43.125
2164-06-01,43.125
2164-07-01,43.375
2164-08-01,43.25
2164-09-01,43.25
2164-10-01,43.375
2164-11-01,43.5
2164-12-01,43.75
2165-01-01,43.625
2165-02-01,43.75
2165-03-01,43.875
2165-04-01,44
2165-05-01,44
2165-06-01,44.25
2165-07-01,44.375
2165-08-01,44.5
2165-09-01,44.625
2165-10-01,44.75
2165-11-01,44.875
2165-12-01,45
2166-01-01,45.25
2166-02-01,45.375
2166-03-01,45.625
2166-04-01,45.75
2166-05-01,46
2166-06-01,46.125
2166-07-01,46.375
2166-08-01,46.5
2166-09-01,46.75
2166-10-01,46.875
2166-11-01,47.125
2166-12-01,47.375
2167-01-01,47.625
2167-02-01,47.75
2167-03-01,48
2167-04-01,48.25
2167-05-01,49
2167-06-01,49.125
2167-07-01,49.125
2167-08-01,49.125
2167-09-01,49.25
2167-10-01,49.375
2167-11-01,50.75
2167-12-01,50.75
2168-01-01,51
2168-02-01,51.25
2168-03-01,51.375
2168-04-01,51.375
2168-05-01,51.5
2168-06-01,51.75
2168-07-01,52.25
2168-08-01,52.5
2168-09-01,52.75
2168-10-01,52.875
2168-11-01,53
2168-12-01,53.25
2169-01-01,53.5
2169-02-01,53.75
2169-03-01,53.75
2169-04-01,54.125
2169-05-01,54.375
2169-06-01,54.5
2169-07-01,54.625
2169-08-01,54.875
2169-09-01,55.125
2169-10-01,55.125
2169-11-01,55.375
2169-12-01,55.625
2170-01-01,55.625
2170-02-01,55.875
2170-03-01,56
2170-04-01,56
2170-05-01,56.25
2170-06-01,56.375
2170-07-01,56.25
2170-08-01,56.5
2170-09-01,56.75
2170-10-01,56.875
2170-11-01,56.875
2170-12-01,56.875
2171-01-01,57
2171-02-01,57.125
2171-03-01,57.125
2171-04-01,57.25
2171-05-01,57.25
2171-06-01,57.25
2171-07-01,57.25
2171-08-01,57.25
2171-09-01,57.375
2171-10-01,57.375
2171-11-01,57.375
2171-12-01,57.375
2172-01-01,57.375
2172-02-01,57.25
2172-03-01,57.25
2172-04-01,57.25
2172-05-01,57.25
2172-06-01,57.25
2172-07-01,57.125
2172-08-01,57.125
2172-09-01,57
2172-10-01,56.875
2172-11-01,56.875
2172-12-01,56.75
2173-01-01,56.75
2173-02-01,56.5
2173-03-01,56.5
2173-04-01,56.375
2173-05-01,56.125
2173-06-01,56
2173-07-01,56
2173-08-01,55.875
2173-09-01,55.625
2173-10-01,55.625
2173-11-01,55.375
2173-12-01,55.25
2174-01-01,55.125
2174-02-01,54.875
2174-03-01,54.625
2174-04-01,54.5
2174-05-01,54.375
2174-06-01,54.125
2174-07-01,53.875
2174-08-01,53.75
2174-09-01,53.625
2174-10-01,53.25
2174-11-01,53.125
2174-12-01,53
2175-01-01,52.75
2175-02-01,52.625
2175-03-01,52.375
2175-04-01,52
2175-05-01,51.625
2175-06-01,51.5
2175-07-01,51.375
2175-08-01,51.375
2175-09-01,51.125
2175-10-01,50.875
2175-11-01,50.75
2175-12-01,50.625
2176-01-01,49.375
2176-02-01,49.25
2176-03-01,49.125
2176-04-01,49.25
2176-05-01,49.125
2176-06-01,49
2176-07-01,48.25
2176-08-01,48
2176-09-01,47.75
2176-10-01,47.625
2176-11-01,47.375
2176-12-01,47.25
2177-01-01,47
2177-02-01,46.875
2177-03-01,47.125
2177-04-01,46.5
2177-05-01,46.75
2177-06-01,46.125
2177-07-01,46
2177-08-01,46.25
2177-09-01,45.625
2177-10-01,45.5
2177-11-01,45.375
2177-12-01,45.25
2178-01-01,45
2178-02-01,44.875
2178-03-01,44.75
2178-04-01,44.625
2178-05-01,44.5
2178-06-01,44.5
2178-07-01,44.375
2178-08-01,44.25
2178-09-01,44.125
2178-10-01,44.125
2178-11-01,44
2178-12-01,44.125
2179-01-01,43.875
2179-02-01,43.75
2179-03-01,43.75
2179-04-01,43.75
2179-05-01,43.625
2179-06-01,43.625
2179-07-01,43.625
2179-08-01,43.625
2179-09-01,43.625
2179-10-01,43.625
2179-11-01,43.625
2179-12-01,43.625
2180-01-01,43.625
2180-02-01,43.625
2180-03-01,43.625
2180-04-01,43.625
2180-05-01,43.625
2180-06-01,43.75
2180-07-01,43.75
2180-08-01,43.875
2180-09-01,43.875
2180-10-01,44
2180-11-01,44
2180-12-01,44.125
2181-01-01,44.25
2181-02-01,44.25
2181-03-01,44.375
2181-04-01,44.5
2181-05-01,44.625
2181-06-01,44.75
2181-07-01,44.875
2181-08-01,45
2181-09-01,45.125
2181-10-01,45.25
2181-11-01,45.375
2181-12-01,45.5
2182-01-01,45.75
2182-02-01,45.875
2182-03-01,46
2182-04-01,46.625
2182-05-01,46.375
2182-06-01,47
2182-07-01,47.125
2182-08-01,46.875
2182-09-01,47
2182-10-01,47.25
2182-11-01,47.375
2182-12-01,47.625
2183-01-01,47.75
2183-02-01,48
2183-03-01,48.25
2183-04-01,49
2183-05-01,49.125
2183-06-01,49.125
2183-07-01,49.25
2183-08-01,49.125
2183-09-01,49.25
2183-10-01,49.375
2183-11-01,50.75
2183-12-01,50.75
2184-01-01,51
2184-02-01,51.25
2184-03-01,51.25
2184-04-01,51.375
2184-05-01,51.5
2184-06-01,51.5
2184-07-01,52
2184-08-01,52.375
2184-09-01,52.625
2184-10-01,52.75
2184-11-01,52.875
2184-12-01,53
2185-01-01,53.25
2185-02-01,53.5
2185-03-01,53.75
2185-04-01,53.875
2185-05-01,54
2185-06-01,54.25
2185-07-01,54.375
2185-08-01,54.5
2185-09-01,54.625
2185-10-01,54.875
2185-11-01,55
2185-12-01,55
2186-01-01,55.25
2186-02-01,55.375
2186-03-01,55.5
2186-04-01,55.5
2186-05-01,55.625
2186-06-01,55.875
2186-07-01,56
2186-08-01,56
2186-09-01,56
2186-10-01,56.125
2186-11-01,56.375
2186-12-01,56.375
2187-01-01,56.5
2187-02-01,56.375
2187-03-01,56.5
2187-04-01,56.625
2187-05-01,56.625
2187-06-01,56.75
2187-07-01,56.75
2187-08-01,56.75
2187-09-01,56.75
2187-10-01,56.75
2187-11-01,56.75
2187-12-01,56.75
2188-01-01,56.75
2188-02-01,56.75
2188-03-01,56.75
2188-04-01,56.625
2188-05-01,56.625
2188-06-01,56.5
2188-07-01,56.5
2188-08-01,56.5
2188-09-01,56.375
2188-10-01,56.375
2188-11-01,56.25
2188-12-01,56.125
2189-01-01,55.875
2189-02-01,56
2189-03-01,55.875
2189-04-01,55.75
2189-05-01,55.625
2189-06-01,55.625
2189-07-01,55.5
2189-08-01,55.25
2189-09-01,55.125
2189-10-01,55
2189-11-01,54.875
2189-12-01,54.75
2190-01-01,54.5
2190-02-01,54.5
2190-03-01,54.25
2190-04-01,54.125
2190-05-01,53.875
2190-06-01,53.75
2190-07-01,53.625
2190-08-01,53.375
2190-09-01,53.125
2190-10-01,53
2190-11-01,52.875
2190-12-01,52.75
2191-01-01,52.5
2191-02-01,52.375
2191-03-01,51.875
2191-04-01,51.625
2191-05-01,51.5
2191-06-01,51.375
2191-07-01,51.375
2191-08-01,51.25
2191-09-01,51
2191-10-01,50.875
2191-11-01,50.75
2191-12-01,49.375
2192-01-01,49.375
2192-02-01,49.125
2192-03-01,49.125
2192-04-01,49.125
2192-05-01,49.125
2192-06-01,49.125
2192-07-01,48.875
2192-08-01,48.25
2192-09-01,47.875
2192-10-01,47.75
2192-11-01,47.625
2192-12-01,47.375
2193-01-01,47.25
2193-02-01,47
2193-03-01,46.875
2193-04-01,46.75
2193-05-01,46.875
2193-06-01,46.875
2193-07-01,46.75
2193-08-01,46.125
2193-09-01,46
2193-10-01,45.875
2193-11-01,45.75
2193-12-01,45.625
2194-01-01,45.375
2194-02-01,45.375
2194-03-01,45.25
2194-04-01,45.125
2194-05-01,45
2194-06-01,44.875
2194-07-01,44.875
2194-08-01,44.75
2194-09-01,44.625
2194-10-01,44.5
2194-11-01,44.5
2194-12-01,44.375
2195-01-01,44.375
2195-02-01,44.375
2195-03-01,44.25
2195-04-01,44.25
2195-05-01,44.125
2195-06-01,44.125
2195-07-01,44.125
2195-08-01,44.125
2195-09-01,44.125
2195-10-01,44
2195-11-01,44.125
2195-12-01,44.125
2196-01-01,44.125
2196-02-01,44.125
2196-03-01,44.125
2196-04-01,44.25
2196-05-01,44.25
2196-06-01,44.25
2196-07-01,44.375
2196-08-01,44.375
2196-09-01,44.5
2196-10-01,44.5
2196-11-01,44.5
2196-12-01,44.625
2197-01-01,44.75
2197-02-01,44.75
2197-03-01,44.875
2197-04-01,45
2197-05-01,45.125
2197-06-01,45.25
2197-07-01,45.375
2197-08-01,45.5
2197-09-01,45.625
2197-10-01,45.75
2197-11-01,45.875
2197-12-01,46
2198-01-01,46.125
2198-02-01,46.25
2198-03-01,46.875
2198-04-01,47
2198-05-01,46.75
2198-06-01,46.875
2198-07-01,47
2198-08-01,47.25
2198-09-01,47.375
2198-10-01,47.5
2198-11-01,47.75
2198-12-01,47.875
2199-01-01,48.125
2199-02-01,48.25
2199-03-01,49
2199-04-01,49.125
2199-05-01,49.125
2199-06-01,49
2199-07-01,49.125
2199-08-01,49.25
2199-09-01,49.375
2199-10-01,50.75
2199-11-01,50.75
2199-12-01,50.875
2200-01-01,51
2200-02-01,51.25
2200-03-01,51.25
2200-04-01,51.375
2200-05-01,51.375
2200-06-01,51.625
2200-07-01,51.875
2200-08-01,52.25
2200-09-01,52.375
2200-10-01,52.625
2200-11-01,52.75
2200-12-01,52.875
2201-01-01,53
2201-02-01,53.25
2201-03-01,53.5
2201-04-01,53.625
2201-05-01,53.75
2201-06-01,53.875
2201-07-01,54
2201-08-01,54.25
2201-09-01,54.375
2201-10-01,54.5
2201-11-01,54.5
2201-12-01,54.75
2202-01-01,54.875
2202-02-01,55
2202-03-01,55
2202-04-01,55.125
2202-05-01,55.25
2202-06-01,55.375
2202-07-01,55.5
2202-08-01,55.625
2202-09-01,55.5
2202-10-01,55.625
2202-11-01,55.875
2202-12-01,55.875
2203-01-01,56
2203-02-01,56
2203-03-01,56
2203-04-01,56
2203-05-01,56
2203-06-01,56
2203-07-01,56
2203-08-01,56.125
2203-09-01,56.125
2203-10-01,56.125
2203-11-01,56.125
2203-12-01,56.125
2204-01-01,56.125
2204-02-01,56
2204-03-01,56
2204-04-01,55.875
2204-05-01,56
2204-06-01,56
2204-07-01,56
2204-08-01,55.875
2204-09-01,55.875
2204-10-01,55.75
2204-11-01,55.625
2204-12-01,55.625
2205-01-01,55.625
2205-02-01,55.5
2205-03-01,55.25
2205-04-01,55.25
2205-05-01,55.125
2205-06-01,55
2205-07-01,55
2205-08-01,54.75
2205-09-01,54.625
2205-10-01,54.5
2205-11-01,54.375
2205-12-01,54.25
2206-01-01,54.125
2206-02-01,54
2206-03-01,53.875
2206-04-01,53.75
2206-05-01,53.625
2206-06-01,53.375
2206-07-01,53.125
2206-08-01,53
2206-09-01,52.875
2206-10-01,52.75
2206-11-01,52.625
2206-12-01,52.375
2207-01-01,52.125
2207-02-01,51.875
2207-03-01,51.5
2207-04-01,51.5
2207-05-01,51.375
2207-06-01,51.375
2207-07-01,51.25
2207-08-01,51
2207-09-01,50.875
2207-10-01,50.75
2207-11-01,50.75
2207-12-01,49.375
2208-01-01,49.25
2208-02-01,49.125
2208-03-01,49
2208-04-01,49.125
2208-05-01,49.125
2208-06-01,49.125
2208-07-01,49
2208-08-01,48.625
2208-09-01,48
2208-10-01,47.875
2208-11-01,47.75
2208-12-01,47.5
2209-01-01,47.375
2209-02-01,47.25
2209-03-01,47.375
2209-04-01,46.875
2209-05-01,47.25
2209-06-01,47.125
2209-07-01,47
2209-08-01,46.875
2209-09-01,46.25
2209-10-01,46.125
2209-11-01,46
2209-12-01,45.875
2210-01-01,46.25
2210-02-01,46.125
2210-03-01,45.625
2210-04-01,45.5
2210-05-01,45.375
2210-06-01,45.25
2210-07-01,45.25
2210-08-01,45.125
2210-09-01,45.125
2210-10-01,45
2210-11-01,44.875
2210-12-01,44.875
2211-01-01,44.875
2211-02-01,44.75
2211-03-01,44.75
2211-04-01,44.75
2211-05-01,44.75
2211-06-01,44.625
2211-07-01,44.625
2211-08-01,44.625
2211-09-01,44.625
2211-10-01,44.625
2211-11-01,44.625
2211-12-01,44.625
2212-01-01,44.625
2212-02-01,44.625
2212-03-01,44.75
2212-04-01,44.75
2212-05-01,44.75
2212-06-01,44.875
2212-07-01,44.875
2212-08-01,44.875
2212-09-01,45
2212-10-01,45
2212-11-01,45.125
2212-12-01,45.125
2213-01-01,45.25
2213-02-01,45.375
2213-03-01,45.375
2213-04-01,45.5
2213-05-01,45.625
2213-06-01,45.75
2213-07-01,46.25
2213-08-01,46.375
2213-09-01,46.5
2213-10-01,46.625
2213-11-01,46.25
2213-12-01,46.875
2214-01-01,47
2214-02-01,47.125
2214-03-01,47.25
2214-04-01,47
2214-05-01,47.125
2214-06-01,47.25
2214-07-01,47.375
2214-08-01,47.5
2214-09-01,47.75
2214-10-01,47.875
2214-11-01,48
2214-12-01,48.25
2215-01-01,49
2215-02-01,49
2215-03-01,49.125
2215-04-01,49.125
2215-05-01,49.25
2215-06-01,49.25
2215-07-01,49.25
